fips,low_income_low_access_share
1001,13.021568232211248
1003,7.9378926288645655
1005,10.430855519539644
1007,0.4451232816932141
1009,2.512124489724713
1011,32.334616089426426
1013,6.912684393946627
1015,15.397395675201565
1017,8.101709776413854
1019,5.005964061718419
1021,4.369543798547304
1023,13.045674291074391
1025,18.35249487090156
1027,2.9715762273901807
1029,2.023777718407694
1031,8.9933530872107
1033,8.830013963401191
1035,13.297550650136076
1037,7.71297339457492
1039,5.475969813319211
1041,13.504961886955272
1043,2.8430714125811507
1045,8.797834868957832
1047,8.77225011410315
1049,0.0
1051,4.9846790159262575
1053,5.676035387144759
1055,13.396533563152351
1057,0.42920944260773736
1059,5.737446379005804
1061,3.867114594998134
1063,22.75290215588723
1065,6.973350253807107
1067,8.051092359264825
1069,4.243355293607886
1071,5.373212843105942
1073,12.586830603250586
1075,0.41197473221642406
1077,6.471863573115879
1079,5.355426774221731
1081,11.069755502791503
1083,6.426517842042956
1085,20.214178245862467
1087,22.09584187954503
1089,9.343181675631923
1091,13.254387216436012
1093,1.026774109695867
1095,10.031283931239853
1097,9.715926700759336
1099,11.327379920235824
1101,10.744104323713938
1103,8.271821909783245
1105,27.853838164479274
1107,1.493973462979844
1109,10.492720143469406
1111,13.18465499934535
1113,6.665155721759495
1115,2.3734044716662877
1117,5.819514570571802
1119,10.753469447068227
1121,7.842898980447437
1123,3.2679738562091503
1125,6.732903172776591
1127,3.716634588126464
1129,4.482111370229225
1131,23.676092544987146
1133,1.6949844796601863
2013,14.581343521171602
2016,7.804351735299407
2020,4.570874425171164
2050,39.851877975665666
2060,11.634904714142428
2068,33.07776560788609
2070,31.46276047039406
2090,7.731013209538742
2100,10.087719298245615
2105,31.11627906976744
2110,1.9632294164668265
2122,7.870036101083032
2130,0.4006826445054537
2150,11.477339611536198
2158,0.0
2164,41.63090128755365
2170,8.186976796449239
2180,15.191740412979351
2185,7.104984093319194
2188,29.217067659178518
2195,0.6553079947575361
2198,8.832523835222162
2220,6.249296250422249
2230,0.10330578512396695
2240,9.887608479157775
2261,10.336239103362391
2275,5.023216547066273
2282,0.1510574018126888
2290,43.27129563350036
4001,35.33935512738052
4003,15.555098746821372
4005,13.316371697874589
4007,11.015541914659403
4009,15.746910263299302
4011,14.0571293113666
4012,26.48738347405925
4013,5.509288816664514
4015,18.6961126152678
4017,26.00303399752441
4019,8.928930297277363
4021,14.212949410543684
4023,18.325601012231125
4025,12.979960480114485
4027,10.30339564037987
5001,23.66054997633945
5003,9.44035143916167
5005,5.61751740418664
5007,6.689738365132218
5009,8.83126033113839
5011,10.210288494960027
5013,24.70193740685544
5015,6.857101216935073
5017,16.110169491525422
5019,10.70667536420961
5021,7.094447553317167
5023,6.623026569118213
5025,7.618828403728853
5027,8.61029651352232
5029,9.749447656653974
5031,9.122486857522059
5033,13.185252146961968
5035,10.62237240187026
5037,14.549524342473418
5039,26.786594381468703
5041,16.612853628536286
5043,9.19552650062132
5045,11.915716594399358
5047,1.8868965517241378
5049,5.928950592078399
5051,10.65462800966425
5053,12.462891390802666
5055,6.650035637918745
5057,16.108629306913176
5059,11.211007502353977
5061,16.121546159982596
5063,6.095996943815319
5065,0.3212616822429907
5067,14.269044840806801
5069,10.607606379544134
5071,13.332028191072826
5073,11.353826030085022
5075,16.813092161929372
5077,20.289716039907905
5079,17.503891325880854
5081,0.987016931136588
5083,8.598398425267302
5085,5.2958043185675
5087,10.988102055099574
5089,3.206629436137633
5091,12.24748055772859
5093,8.99526678141136
5095,14.98343355012885
5097,10.530199219985242
5099,27.364677114593754
5101,11.356542617046818
5103,18.15084226646248
5105,5.3135471517472475
5107,18.931838029140046
5109,9.370294925161634
5111,10.324207785868284
5113,16.944148678733907
5115,9.371052887262364
5117,2.1457257601835913
5119,12.880276317577101
5121,9.382825978073349
5123,19.29365135536839
5125,7.686850015870348
5127,20.813673996261016
5129,14.643075045759609
5131,5.493701488739025
5133,13.389611912299214
5135,17.991195551436515
5137,10.84395675326771
5139,12.202502461634525
5141,6.730268863833478
5143,5.302735577278211
5145,9.116975452799833
5147,3.2231404958677685
5149,7.77552400270453
6001,1.117415351284637
6003,16.76595744680851
6005,0.09451051429471528
6007,6.451818181818182
6009,5.989731888191671
6011,12.353517904664084
6013,2.867233860012869
6015,14.445997902831177
6017,4.259408587303516
6019,5.349669514750927
6021,8.740487874262143
6023,4.5400860179909825
6025,7.6474834983498345
6027,7.769869513641756
6029,7.829987220576658
6031,6.82367860271143
6033,1.891285857882935
6035,9.302192291159193
6037,1.4530068171598716
6039,5.4187518642494945
6041,1.1659647635385426
6043,2.6135554216207333
6045,5.922063728782687
6047,7.712486268193422
6049,17.17943423497832
6051,17.23700887198986
6053,5.080507014699186
6055,2.6303449488584745
6057,8.611437365841805
6059,1.1214085824614182
6061,5.106304817008771
6063,1.0746238816414255
6065,6.96584508602095
6067,4.226917622646935
6069,2.6940961479310284
6071,8.528653062828898
6073,2.763306974125072
6075,0.30252038224866035
6077,4.535638094515443
6079,4.054710592389027
6081,0.9196173434235598
6083,2.8809021101923826
6085,0.9663557549720988
6087,5.417292344749259
6089,6.916145195601023
6091,24.814814814814813
6093,11.380846325167038
6095,3.7803863126112875
6097,2.582262471118753
6099,3.36882086410226
6101,8.135153108078153
6103,9.969588579172116
6105,7.674452342956623
6107,4.917013245766986
6109,6.1609319967488485
6111,2.3099215612922346
6113,2.8842563318712067
6115,10.882128750606334
8001,4.735022180555839
8003,12.573648429912593
8005,2.1033106469721314
8007,10.708374710360808
8009,10.295670538542767
8011,5.123865210032313
8013,2.6041613622707227
8014,5.040347832310473
8015,2.9254871132573417
8017,8.932461873638344
8019,2.8058978873239435
8021,3.258236434108527
8023,57.9738933030647
8025,0.5667181865018032
8027,6.298472385428907
8029,3.511889377100026
8031,4.257712135804238
8033,37.3062015503876
8035,1.9494508959066785
8037,4.70908289748453
8039,7.0129082560859395
8041,6.452095014487443
8043,13.39270459593371
8045,3.984819734345351
8047,0.0
8049,0.25601293539041975
8051,3.0736100234925607
8053,4.033214709371293
8055,11.965429891223364
8057,8.249641319942612
8059,3.4689445002553585
8061,35.622317596566525
8063,9.347037484885126
8065,22.85909712722298
8067,4.1765691354657735
8069,4.717484898040917
8071,12.620107048429741
8073,7.682458386683739
8075,7.913162182394645
8077,8.843875874948031
8079,3.3707865168539324
8081,14.693729612178325
8083,7.311533189739573
8085,7.653357883515844
8087,5.305586135871303
8089,4.614731028623015
8091,1.0595130748422001
8093,10.866345797852647
8095,1.6434038721296713
8097,1.9710753440634476
8099,12.620508326029798
8101,17.146036476113238
8103,2.07020702070207
8105,5.074278083792355
8107,2.458632864009528
8109,15.717092337917485
8111,29.0414878397711
8113,2.011142818317706
8115,5.044136191677175
8117,1.4717439451310996
8119,3.2248394004282654
8121,13.959285417532199
8123,5.915158706615248
8125,5.805038335158817
9001,3.0176837774546836
9003,3.6660499723717974
9005,3.3718218052199003
9007,5.775730944735508
9009,4.8747966612443
9011,7.679845286530076
9013,6.547209724214262
9015,2.5686493059073867
10001,6.49682705933091
10003,6.022518984027232
10005,6.8726064571761905
11001,1.6055560448910877
12001,7.211647313775592
12003,17.079107505070994
12005,10.335086347807547
12007,0.3751753155680224
12009,12.05702865051088
12011,2.378743136700788
12013,20.478632478632477
12015,13.803773018790084
12017,15.663145373700756
12019,8.583553820763367
12021,7.017292858920129
12023,4.451289037627164
12027,7.042051517411508
12029,3.0081597856533917
12031,9.745297438395488
12033,12.307681969229115
12035,17.90461461294098
12037,0.6753831500562819
12039,2.69460432430102
12041,0.07084243461833638
12043,23.92114250232847
12045,1.8911933429994325
12047,9.514156361916346
12049,13.021528253579026
12051,7.250894225855902
12053,12.338955191054417
12055,17.70696252505416
12057,8.218993089960675
12059,18.64806543885181
12061,13.379169443880953
12063,5.4315924898484305
12065,5.805839712756589
12067,4.554678692220969
12069,11.843717598265624
12071,11.995558816589469
12073,9.398265616889363
12075,4.210681110757089
12077,10.065750149432159
12079,11.58447773616313
12081,6.141565453345848
12083,11.877222319482762
12085,10.24139203652319
12086,1.8186734283087682
12087,9.090162812970311
12089,12.128652099189786
12091,11.104290407140724
12093,27.29022902290229
12095,7.180031345008011
12097,14.8817388391611
12099,4.129959534410901
12101,12.072167455352627
12103,5.120987363372327
12105,13.44090218321029
12107,6.702167715561293
12109,5.475191934287173
12111,15.219105148152014
12113,9.51232724678276
12115,7.112173473045055
12117,6.127252683822312
12119,5.986940697923357
12121,5.376525234049722
12123,14.749667700487372
12125,19.497907949790793
12127,10.84022620619378
12129,3.23628801663634
12131,10.07212542920989
12133,21.714331619537276
13001,23.201359947356877
13003,14.949253731343283
13005,1.3067772170151406
13007,28.049840625905535
13009,12.880577427821523
13011,0.8698015765153574
13013,11.312295471910275
13015,11.692642551194625
13017,13.162073267551321
13019,10.396142279373638
13021,13.059718284505648
13023,18.387812906683
13025,2.650589321601217
13027,4.672782121529274
13029,9.645089802533656
13031,8.4367033624336
13033,7.608509178246697
13035,8.547875713379835
13037,6.304152972811473
13039,17.809276819828558
13043,0.39098017821422076
13045,19.46945090339917
13047,9.655625410528291
13049,3.1550406704461427
13051,10.80572402763948
13053,39.344989793201385
13055,21.05323851624063
13057,7.052615864070241
13059,21.828572407765993
13061,1.0995915802701854
13063,16.022418897249292
13065,5.148573109738158
13067,8.015370350454454
13069,2.8260458966852395
13071,12.73902149545035
13073,5.915213658678145
13075,0.7785266093423193
13077,11.729776856193595
13079,16.444972288202692
13081,3.4984427663296214
13083,0.0
13085,0.2597402597402597
13087,5.955031966094389
13089,8.723314154067175
13091,0.15599192512387594
13093,25.170934441614158
13095,24.501665521070162
13097,14.99588377906845
13099,2.598110465116279
13101,18.319286068418442
13103,6.535885167464115
13105,10.398690865813746
13107,14.70484113638375
13109,0.0
13111,0.41381640064183767
13113,5.88925277055749
13115,14.603860170063436
13117,8.06559133045792
13119,0.0
13121,8.957712574993401
13123,7.0832744238654035
13125,27.74172615184945
13127,12.361540200437043
13129,10.47910701989635
13131,1.3793930670504977
13133,10.016256096036013
13135,9.70793012972467
13137,7.866917590204689
13139,7.374613209857305
13141,29.727436631668258
13143,6.177901320361362
13145,0.3372470647014739
13147,0.0
13149,1.1154301166131486
13151,12.356685399319348
13153,9.995711222301644
13155,2.830782134619417
13157,9.356038687277838
13159,1.129496402877698
13161,18.024953543934163
13163,0.31896042528056706
13165,0.5755395683453237
13167,11.052104208416834
13169,12.35480832955457
13171,9.117213517497406
13173,0.23814248858900575
13175,9.712185654705372
13177,6.8061347091667255
13179,17.260019226829307
13181,1.8884442221110556
13183,0.2627212389380531
13185,8.26673258081349
13187,0.2602950010011346
13189,0.16914285714285715
13191,5.930370473731947
13193,0.22388059701492538
13195,1.504267425320057
13197,0.0
13199,1.2186249545289196
13201,0.1306122448979592
13205,7.945357051663971
13207,1.430517711171662
13209,4.02279951770251
13211,10.986120438773225
13213,6.571111335419401
13215,10.386286436527373
13217,14.364032893815402
13219,3.401609363569861
13221,2.5035237264245924
13223,13.517045614232314
13225,10.54341938978155
13227,5.7184601270768916
13229,3.41187759889114
13231,0.00559628406737926
13233,12.151898734177216
13235,1.6153205661948375
13237,9.501366764068244
13239,1.392757660167131
13241,0.09216023593020398
13243,18.40912035237725
13245,21.04473221008332
13247,13.340374347239337
13249,0.27944111776447106
13251,9.75125059960255
13253,6.552869744529729
13255,12.657437610225836
13257,5.337153772683859
13259,11.654011224826675
13261,5.216490447606569
13263,16.067006554989074
13265,47.40827023878858
13267,6.4655172413793105
13269,2.1895351448461713
13271,22.21212121212121
13273,2.6731078904991947
13275,12.421735241502683
13277,5.7355800388852884
13279,5.274951327921243
13281,0.009550186228631458
13283,19.331880900508352
13285,4.285245510411073
13287,8.331466965285554
13289,0.03324836528870664
13291,1.68102640943997
13293,7.527713328177366
13295,13.720984350456687
13297,10.90273135326139
13299,13.36748182419035
13301,1.234144669180665
13303,12.941898333883985
13305,8.359081697066348
13307,1.1075384065737763
13309,3.1666891254547904
13311,0.0
13313,13.394867396368385
13315,5.121555915721232
13317,6.806381572736713
13319,11.419010770678657
13321,1.0378707504958715
15001,8.092760388806942
15003,4.618933767796502
15005,0.0
15007,7.389962886229151
15009,5.759716858054433
16001,6.237814280070852
16003,8.601609657947686
16005,11.605644684267073
16007,6.064149682592716
16009,9.24071082390953
16011,11.528931962198785
16013,2.8302769461077846
16015,13.844621513944222
16017,2.9258507229004085
16019,11.403188978644204
16021,3.6365293474298213
16023,7.644413697682463
16025,44.49418084153984
16027,7.433187065629912
16029,1.3787160706591985
16031,8.962181944928547
16033,50.712830957230146
16035,3.4356808583495035
16037,8.287545787545788
16039,14.14675641689474
16041,1.3061160644454872
16043,14.763630871469566
16045,9.72546204916562
16047,0.30393171236420075
16049,8.231388701051207
16051,10.608263198163733
16053,11.808348976490569
16055,7.2941788091902895
16057,4.60745354956503
16059,11.769153225806452
16061,16.304632295210677
16063,41.78187403993856
16065,11.897911338448424
16067,17.649110568538543
16069,7.2379982172418185
16071,5.296313579094727
16073,10.38521603331598
16075,7.240419042567299
16077,5.884610464372521
16079,4.136310223266745
16081,2.232055063913471
16083,4.711899520911563
16085,7.554248631109308
16087,6.638556579721514
17001,3.2025393797594743
17003,28.271425103180384
17005,9.038721296713192
17007,7.443921351426198
17009,10.335880063427995
17011,9.794728114815026
17013,5.266260561996463
17015,4.484304932735426
17017,3.4085911156721886
17019,4.8129858116878275
17021,1.9482758620689655
17023,9.770431588613407
17025,5.602605863192182
17027,3.741856893173031
17029,10.413379615020512
17031,1.76667452728034
17033,2.427208962002321
17035,0.14482259232440262
17037,14.585393685812097
17039,2.155666928325584
17041,3.7037037037037037
17043,3.214006831536747
17045,13.921188630490956
17047,7.647671477458712
17049,4.637579580631972
17051,18.41915085817525
17053,7.776436332646829
17055,8.03316397462147
17057,4.52129811972268
17059,29.88012166756128
17061,0.6337318162177733
17063,5.531030901064659
17065,3.3699893579283433
17067,14.122696817420435
17069,6.203703703703703
17071,0.4910653389714909
17073,9.164917006694925
17075,10.720775287704422
17077,15.138330731674914
17079,4.124561765312436
17081,9.683982795477373
17083,3.950402436371547
17085,3.792221536290678
17087,2.6227944682880304
17089,3.502442413574269
17091,6.066161887720473
17093,6.136696416120485
17095,8.717095939076701
17097,5.951707412767143
17099,7.519925564411362
17101,7.889265133963049
17103,5.844966834115068
17105,6.495507060333761
17107,7.226530275532091
17109,9.833803507911199
17111,6.411452260655525
17113,8.781520534050433
17115,8.47627473638596
17117,4.21019575002617
17119,12.866808772959203
17121,10.208687273372721
17123,4.3354430379746836
17125,13.248329469521343
17127,3.3897206559077064
17129,2.1408894136166863
17131,7.508823171473774
17133,4.9458385168552965
17135,6.477544512357162
17137,13.362590373308578
17139,0.6129597197898424
17141,4.032001794493149
17143,13.18862805237702
17145,9.230425055928412
17147,1.5960308446410425
17149,10.066950699939136
17151,10.715883668903803
17153,16.101282259373477
17155,0.04995004995004995
17157,4.495758155096189
17159,2.7105279369186226
17161,5.987285321187969
17163,12.993971620700892
17165,6.458475494721632
17167,5.958017876585724
17169,6.230116648992577
17171,19.81325863678805
17173,5.969682064123776
17175,19.686353019686354
17177,1.6977216993984616
17179,9.276629688169344
17181,2.8975741239892185
17183,8.476569678407351
17185,3.3230099606595798
17187,2.8576269272039307
17189,3.5879315031258496
17191,8.406921241050119
17193,2.3252642345721104
17195,6.261752538548326
17197,7.348721884408761
17199,12.316711123167112
17201,7.274457607716432
17203,4.689116490792468
18001,4.745979585308401
18003,12.087952292101123
18005,10.48389197072688
18007,1.1068443641292072
18009,7.543474855083816
18011,2.464689265536723
18013,1.0628526440099724
18015,0.44157777226494666
18017,2.686957860699071
18019,4.464220915886494
18021,5.55596876162142
18023,1.179869973513123
18025,5.488658639036684
18027,2.651036400404449
18029,8.278218474633844
18031,4.246309246309246
18033,8.850626435828813
18035,12.833238435978279
18037,3.6596719902599726
18039,8.718914349637323
18041,7.731597808625448
18043,5.464077878194642
18045,2.848027842227378
18047,3.1749469398362713
18049,4.209061240161259
18051,1.6088111512401875
18053,8.251380939467035
18055,5.970149253731344
18057,5.483139028805145
18059,8.452615639553155
18061,0.017782745655929275
18063,6.977063967878554
18065,6.552504953297481
18067,10.44204369682908
18069,9.73763603060015
18071,9.81451765150085
18073,3.5127546448413884
18075,11.170187738201665
18077,2.70753669668188
18079,10.17353198948291
18081,5.842295960015467
18083,1.9302809573361082
18085,4.904470125908116
18087,1.729153199741435
18089,10.43638672997248
18091,8.333408093875317
18093,2.9305934885334026
18095,14.697347230240968
18097,12.234099666479594
18099,4.932945102123228
18101,3.1449583897813045
18103,9.782402514700701
18105,5.34520996709525
18107,3.7692791942083725
18109,6.070194791999303
18111,5.398764392024712
18113,3.7108717603500505
18115,0.0
18117,0.39314516129032256
18119,0.2641946697566628
18121,6.476728761750966
18123,7.058641017685386
18125,0.8485792137018295
18127,7.944968754373475
18129,8.390582786568892
18131,3.566631845993135
18133,3.540289228986118
18135,7.859844866455236
18137,0.8119925046845722
18139,4.433072677092916
18141,8.157913468274574
18143,9.838302799718788
18145,4.8586731478981005
18147,0.009545628102329133
18149,1.2798013953687455
18151,11.458241918970309
18153,5.434225844004657
18155,3.1188165457457835
18157,17.43604583863873
18159,7.323042168674699
18161,0.0
18163,11.614163369559774
18165,1.702442635085122
18167,19.99017135227357
18169,7.178910240817319
18171,1.7042783262811472
18173,6.894067583641877
18175,3.131413205010261
18177,16.630149310039613
18179,12.671877261542916
18181,0.4017368015257883
18183,1.2135047458848973
19001,2.304087477219474
19003,2.0104244229337302
19005,3.4752267969295185
19007,5.493908590051991
19009,2.3696682464454977
19011,4.2797975149562815
19013,9.463727210313525
19015,2.364479586406143
19017,1.293458559894546
19019,3.378184941311194
19021,5.616979269496545
19023,1.9102710701553778
19025,8.852119958634953
19027,1.9984627209838586
19029,9.12152479220407
19031,4.838099356721985
19033,5.472129736585808
19035,6.030483764082174
19037,3.1674571910925318
19039,3.0583674348481584
19041,4.565908681826364
19043,1.0645926416239175
19045,8.35776529033309
19047,11.376930276087974
19049,2.3996371059197097
19051,3.3245744316234433
19053,3.5355326948090338
19055,2.5895068678225623
19057,7.83384996900186
19059,1.883962320753585
19061,5.6431721354361315
19063,11.075519316637546
19065,1.71455938697318
19067,6.2871864074096795
19069,5.702247191011236
19071,25.57451955382341
19073,4.541559554413025
19075,0.0
19077,3.158663501917108
19079,2.7244305493523893
19081,3.4653028833436204
19083,2.3953461845557205
19085,5.841371918542337
19087,10.454206999255398
19089,10.181894208655656
19091,7.457972491085074
19093,0.38087177316969956
19095,1.027208804646897
19097,7.018339379282548
19099,3.9248683567667335
19101,6.6199608145817255
19103,2.363197383903058
19105,4.733985851342184
19107,7.687184853962515
19109,4.149778035128354
19111,12.790697674418604
19113,6.254438374063799
19115,0.3249319399315008
19117,9.608900876601483
19119,2.478197046887143
19121,3.998979526755533
19123,8.373173674098565
19125,3.2363625446576
19127,9.61178901790986
19129,3.8050335347632647
19131,8.602449888641425
19133,5.020015146597425
19135,2.3086574654956085
19137,7.402234636871508
19139,5.5608843139548485
19141,4.681205723017086
19143,8.186320024760136
19145,3.3015315089128796
19147,7.133000743020911
19149,3.177779556551669
19151,8.125854993160054
19153,4.829091584618243
19155,9.32179737650014
19157,1.2741884318494237
19159,3.1962580393685442
19161,3.758454106280193
19163,3.4522829613131263
19165,5.588887975671899
19167,0.3797768810823641
19169,10.48223180183601
19171,6.65841166207013
19173,1.0764603451005224
19175,5.8959629806925165
19177,8.401585204755614
19179,23.132631578947368
19181,3.9891833423472147
19183,3.0040545521562847
19185,16.898328908324224
19187,11.998526819772183
19189,2.8437327443401434
19191,1.6764817629179332
19193,5.367419645303997
19195,2.0005264543300867
19197,3.9156398820772544
20001,4.180689552015556
20003,5.628239940755369
20005,9.064051051760813
20007,3.2297881094425014
20009,12.509937125099372
20011,11.177749950570092
20013,13.671875
20015,6.517911353976928
20017,31.684587813620073
20019,17.57972199509403
20021,17.928065546451883
20023,8.327219369038884
20025,33.318284424379236
20027,8.353837141183362
20029,13.951536767019826
20031,16.556214393675155
20033,3.225806451612903
20035,9.567348737297237
20037,12.763837072622271
20039,10.33434650455927
20041,4.966082818669636
20043,8.810572687224669
20045,5.385920271416454
20047,4.840302930523543
20049,18.52879944482998
20051,7.623365668494306
20053,10.820378636293674
20055,10.705351316075701
20057,8.251595367525407
20059,17.582333025546323
20061,16.14283219835865
20063,33.024118738404454
20065,6.584520600693107
20067,6.450376804189552
20069,11.888111888111888
20071,4.170008019246191
20073,17.80535207056361
20075,7.434944237918216
20077,9.993370898243288
20079,0.980279091223619
20081,7.94172932330827
20083,8.924843423799583
20085,5.615807458030011
20087,0.33985151103210287
20089,12.089697757556062
20091,2.2575292321092877
20093,3.2185064118682423
20095,10.575209977093408
20097,13.160987074030553
20099,7.090294811866524
20101,6.914285714285715
20103,11.014469938473244
20105,9.534094415303919
20107,4.846727423363712
20109,4.898403483309144
20111,5.7940041555357675
20113,8.355037697052776
20115,10.09478672985782
20117,12.87931204902639
20119,16.502732240437158
20121,6.664226675206637
20123,8.896908834144044
20125,10.250627272983564
20127,9.944284990714165
20129,9.403031240334055
20131,8.852426802908234
20133,5.214389534883721
20135,9.784357901512713
20137,7.741139128901429
20139,5.056765879104019
20141,7.905650596163816
20143,9.916269906419307
20145,8.719346049046322
20147,11.254874158099964
20149,1.9996296982040362
20151,9.693454846727423
20153,13.735609368797142
20155,9.012416487110725
20157,6.184738955823293
20159,9.054844788257464
20161,24.894888560781833
20163,3.783053464582127
20165,10.6138494103417
20167,8.149210903873744
20169,6.028126461173255
20171,4.4975688816855754
20173,9.397329266702116
20175,7.681247821540606
20177,10.77927770971259
20179,12.01095461658842
20181,23.810316139767053
20183,11.289903970931741
20185,8.113590263691684
20187,2.639821029082774
20189,10.69182389937107
20191,4.711586275484834
20193,17.658227848101266
20195,2.7990669776741086
20197,12.888132709485326
20199,8.484848484848484
20201,15.502672874633557
20203,2.1486123545210387
20205,7.7585290679137
20207,9.851919008763977
20209,13.575442049458747
21001,3.403730703259005
21003,8.654038885548205
21005,2.3294897530460763
21007,0.012122681537156019
21009,7.592535508500699
21011,0.9231300146665516
21013,9.992680631556935
21015,9.057242174546127
21017,12.259194395796847
21019,12.601429090468693
21021,7.3368036015756894
21023,0.22384542884071632
21025,11.98299466781957
21027,3.5196171294680694
21029,9.597814825280212
21031,4.830575256107171
21033,0.5699322242760321
21035,6.275711865773977
21037,8.90564116188452
21039,3.3503134796238245
21041,0.0
21043,3.740981240981241
21045,5.5531181447822
21047,14.530457710770063
21049,4.9448235195013055
21051,13.778186838472159
21053,1.0903426791277258
21055,4.75577026301664
21057,0.8022170361726955
21059,5.624068862771065
21061,2.0146369541978455
21063,0.0
21065,0.03407851690294438
21067,7.042186860849958
21069,3.094507945358238
21071,2.694481762186003
21073,8.820127827939535
21075,0.029355643622486424
21077,0.0
21079,0.0
21081,2.3153028951423242
21083,7.769187252498586
21085,9.554882311815428
21087,4.201456741872446
21089,6.973719859116771
21091,4.9854057209573845
21093,8.918639796102063
21095,2.8963727030534874
21097,4.658813541335031
21099,4.533216110775317
21101,3.195675675675676
21103,1.167618059159315
21105,1.244390044879641
21107,7.35080988917306
21109,3.7053505261597746
21111,6.481346546196444
21113,7.695632486724571
21115,1.8068162356567905
21117,7.2764838467317805
21119,0.6056527590847914
21121,17.906094156760656
21123,6.749806242513915
21125,11.17776002990705
21127,5.718789407313998
21129,0.012679092177000128
21131,4.942528735632184
21133,0.0
21135,0.5407354001441961
21137,8.91197154635842
21139,6.660363483559197
21141,3.3612819079560277
21143,1.0223719028145297
21145,15.172729352550904
21147,1.8682399213372665
21149,1.0387157695939566
21151,12.001302523035362
21153,1.4475361884047102
21155,7.194752774974773
21157,2.87458661918087
21159,0.8198623250058009
21161,6.935391652372784
21163,5.7758198727361725
21165,0.2695845226768157
21167,5.386526651352492
21169,0.47529458362214083
21171,1.714859071422056
21173,6.320993245028114
21175,4.137039431157079
21177,5.168418045017302
21179,1.314547505582798
21181,0.29432375613174494
21183,2.8814696753628053
21185,5.0417799588832155
21187,4.4460843095655385
21189,1.38801261829653
21191,0.20165355918531963
21193,0.8184731122875453
21195,0.05843996062992126
21197,0.0
21199,7.893693607979322
21201,29.360210341805434
21203,0.2403846153846154
21205,1.3457335104787211
21207,2.3854255621975518
21209,7.273228329764908
21211,0.3422541236868375
21213,6.787095284815606
21215,0.0
21217,2.8802219321148823
21219,3.258426966292135
21221,1.5970430294999651
21223,0.0
21225,19.97734390617712
21227,5.457325646794151
21229,5.163437740035845
21231,9.849613222505164
21233,10.593935834373394
21235,2.4553132979768217
21237,2.6920462270564243
21239,12.077469024419583
22001,3.1858578990821234
22003,11.24437199192672
22005,9.932378864897636
22007,0.5849451347081679
22009,11.56798897154945
22011,20.600774106692096
22013,19.4941824008918
22015,10.929312098752767
22017,16.04038137969714
22019,13.030689741035857
22021,3.8689301223845245
22023,5.848808305307793
22025,13.60622657826463
22027,12.00348938644955
22029,20.77610219959658
22031,9.262454981992796
22033,11.720899377741832
22035,21.806933883232375
22037,0.4342033848127498
22039,6.28825329566855
22041,13.03510377040497
22043,8.843964319333004
22045,5.824685963954123
22047,1.967831790816785
22049,10.722625046085781
22051,4.831326638184542
22053,7.973032854339431
22055,9.275289062993618
22057,8.43352229074524
22059,12.10879785090665
22061,19.40087728683
22063,7.805445768828207
22065,3.0596212685024393
22067,13.921155152078345
22069,15.265632108375879
22071,8.7834359521739
22073,15.442362737444705
22075,20.3237566183491
22077,10.538549250065783
22079,19.1280496607478
22081,3.860961390386096
22083,6.788902291917974
22085,12.04968431477737
22087,16.179625038304035
22089,11.278893520272831
22091,2.7403374096224224
22093,8.673423219618135
22095,12.559881543419563
22097,10.925357382711312
22099,5.7170245398773005
22101,10.395242451967063
22103,7.836057157525456
22105,16.684971551731255
22107,38.8994668697639
22109,10.580189522617557
22111,15.408652788169535
22113,3.7035121295194746
22115,22.169144342110293
22117,3.8988297150610585
22119,18.63518334263596
22121,7.280982007734992
22123,2.163047225094795
22125,14.8608
22127,5.616143146346242
23001,2.4669922564112086
23003,4.854598580770836
23005,3.5115062093057934
23007,5.541471658866355
23009,1.6483516483516483
23011,1.9950716735843341
23013,1.6634789611435474
23015,0.9228893983805903
23017,5.495132536786955
23019,5.757424166628769
23021,1.6823495865412033
23023,2.8447567506304368
23025,3.8982921038523397
23027,3.779714329912855
23029,4.744947650353056
23031,3.3429546849556893
24001,9.743364364004421
24003,4.136659871739551
24005,4.424064226257688
24009,5.228934942583139
24011,4.019234258755217
24013,3.007167901205021
24015,6.539541876013767
24017,5.182496195863556
24019,4.988043411613219
24021,3.1128821475244766
24023,4.163205635113134
24025,4.663720356498084
24027,1.890380897643555
24029,0.3861959696984701
24031,1.8316959549361633
24033,3.459150818836719
24035,3.608937612452404
24037,4.154977128130023
24039,5.4703437854174535
24041,3.2502249748557515
24043,5.497524248796039
24045,9.055736177367242
24047,6.034516266956894
24510,1.811224859532241
25001,9.145946046097977
25003,6.012848749037868
25005,4.0964097139261515
25007,8.829755065013607
25009,4.101544891470062
25011,5.342431205514767
25013,4.801182334030939
25015,12.496837044534413
25017,2.573174504435877
25019,2.8509634290208417
25021,3.5994633673697547
25023,4.805028701666333
25025,0.20968861102762654
25027,5.121269497791002
26001,6.159751416560044
26003,4.884907822101864
26005,4.726770070371966
26007,6.1017636326778835
26009,0.05937234944868533
26011,0.0
26013,4.514672686230249
26015,0.006759839791796935
26017,5.255588238023216
26019,0.0
26021,9.56362036310765
26023,6.389232673267327
26025,11.397323461578011
26027,3.2298778039125695
26029,0.4046398705152414
26031,3.8735087182624657
26033,8.136033229491174
26035,1.3257453275561017
26037,9.85779098458518
26039,2.1884325706977403
26041,5.050041813914592
26043,7.642922653622746
26045,8.796481036386751
26047,6.316143634917722
26049,11.413842504521009
26051,5.573719445741865
26053,4.870031046447921
26055,5.359483135217161
26057,16.550522648083625
26059,2.2618231665524333
26061,5.09446325215682
26063,8.016788453409022
26065,14.317093575891347
26067,6.8601830842657066
26069,5.28836867925986
26071,5.788271134805789
26073,4.967928204690589
26075,10.8544256402576
26077,8.072511994119786
26079,1.801434151460386
26081,3.855152981470972
26083,7.2356215213358075
26085,0.5979720946355837
26087,2.06863755250852
26089,1.1378293716602175
26091,10.305129539903096
26093,3.6194444290948073
26095,10.918413512290755
26097,13.983622784126698
26099,5.852709583366034
26101,2.130756479197833
26103,5.10309047810725
26105,9.043720606166174
26107,15.367540539277536
26109,5.343543218610845
26111,4.725633452510492
26113,1.724021819651155
26115,3.2133718367857074
26117,1.0435414101228253
26119,1.1981566820276497
26121,17.322926104025832
26123,1.7746595130004128
26125,4.370896618489273
26127,4.369589762890478
26129,0.023042536522420387
26131,13.200589970501476
26133,0.02550153009180551
26135,0.5671296296296297
26137,10.594272471445125
26139,7.857437993032627
26141,6.264952153110048
26143,5.885721297394577
26145,11.377386108738117
26147,12.246074582924436
26149,5.509421649400441
26151,4.905599109338034
26153,18.573954036535063
26155,9.671894462688257
26157,6.798973604407041
26159,1.7073618505599413
26161,6.060773048020395
26163,4.5343142639944105
26165,8.400794256911562
27001,11.338106406616467
27003,6.51092357727509
27005,12.76458282057593
27007,15.728365060078305
27009,7.9191698525395955
27011,9.850066426266844
27013,16.99186102822864
27015,4.043563897578496
27017,4.219182727632397
27019,3.766393532655258
27021,5.208807365141597
27023,5.088015432843019
27025,4.889862118878393
27027,4.559399311852744
27029,15.15813686026452
27031,8.9258114374034
27033,2.062120304611962
27035,3.7312
27037,4.6556032838876735
27039,3.3504256484293324
27041,6.917715015690522
27043,4.466433037861609
27045,0.7476277197354548
27047,8.293073108302671
27049,3.0032696013684688
27051,14.290461947490861
27053,3.8149988068637875
27055,2.549009302570032
27057,6.3050714705306445
27059,7.758620689655173
27061,8.70211727107284
27063,5.386713422949542
27065,4.304452244596342
27067,13.201070101091409
27069,8.106326889279437
27071,13.868229284050786
27073,3.388896542223447
27075,3.478741027056875
27077,8.726823238566132
27079,1.47998411724362
27081,2.9172320217096335
27083,14.54925165332405
27085,11.926004747483015
27087,16.62663957140218
27089,15.616061023413497
27091,7.634357005758157
27093,7.828326180257511
27095,2.620990918496379
27097,9.340924152057353
27099,5.837142200546434
27101,3.7593123209169055
27103,9.774803678919547
27105,9.88867059593975
27107,9.165207238762406
27109,2.4478675614219956
27111,5.973509240353908
27113,5.046661880832735
27115,4.309243697478991
27117,9.21217173822426
27119,8.563291139240507
27121,3.037744429286039
27123,5.214100346020762
27125,26.24113475177305
27127,11.6632417958777
27129,9.3006993006993
27131,6.331265005768452
27133,4.222153401465882
27135,9.047283895322797
27137,9.150160318839712
27139,4.2731358906471275
27141,3.8701002271212106
27143,0.8012610009194798
27145,7.349875864632705
27147,5.123578302712161
27149,3.4340941805469876
27151,7.288152918327711
27153,11.387828881301466
27155,3.709949409780776
27157,2.1498431444916037
27159,2.2538467095282813
27161,12.688127090301004
27163,6.106594551012867
27165,1.0971367407010972
27167,5.68734793187348
27169,3.0236489768951245
27171,2.9093825180433037
27173,9.446254071661238
28001,15.403907483667213
28003,7.804193539682111
28005,6.815931764526693
28007,15.405847474953998
28009,16.966433726658266
28011,27.81959291257871
28013,1.1495789332976876
28015,20.420873832216664
28017,5.795768169273229
28019,6.353106353106353
28021,9.142024156601416
28023,6.388955295242649
28025,11.224193079383541
28027,15.945852931054262
28029,13.620156881388162
28031,0.0
28033,10.98839084166398
28035,9.021272052739745
28037,15.028332101502833
28039,5.6736646292851445
28041,1.6875
28043,5.920752305304482
28045,15.447654169227617
28047,14.831778947649715
28049,14.845587785637116
28051,18.47067402854464
28053,11.861333333333333
28055,15.433854907539118
28057,6.60228195376266
28059,11.616834206833348
28061,5.23971398429258
28063,4.517214600051774
28065,9.569952750860896
28067,9.053880550759287
28069,23.976664116296863
28071,16.79584380477709
28073,10.408207265801861
28075,17.34590897197892
28077,8.214092350529818
28079,11.39676538542323
28081,6.891810396815824
28083,20.83423585110004
28085,7.373311537468812
28087,14.78111042339283
28089,4.206800205875865
28091,6.1134081512108684
28093,10.184686625026922
28095,3.8714212333396416
28097,9.995423340961098
28099,2.008356921417981
28101,8.991712707182321
28103,7.215244694673019
28105,19.405928132407542
28107,10.62321721842856
28109,5.718737686714189
28111,9.877551020408163
28113,5.704880704880705
28115,6.165503888907434
28117,3.2362715619560056
28119,62.59272771494588
28121,8.255364822019954
28123,16.211435041041607
28125,4.658258746948738
28127,6.522924771843072
28129,5.4332666302831845
28131,12.577307995052289
28133,24.94057724957555
28135,31.38249447262323
28137,14.069099217614069
28139,1.8531845987765383
28141,0.0
28143,8.424568565596585
28145,5.705019532689614
28147,12.037816486433982
28149,8.553913025649438
28151,17.648669261004752
28153,7.051621921241625
28155,3.5989466497610456
28157,8.503745697509617
28159,10.256276695489113
28161,9.220697270862912
28163,20.34206306787814
29001,11.532002967938455
29003,4.620901046787346
29005,1.5303430079155673
29007,9.389321947589016
29009,8.467005646543248
29011,27.27785840993388
29013,8.657399260953722
29015,5.1794710327455915
29017,11.607215077246623
29019,9.990039473198804
29021,11.566013833925629
29023,8.622704117399635
29025,7.8416808149405774
29027,7.820535955968601
29029,6.1769919549111405
29031,9.51846076591696
29033,9.133942980096826
29035,26.33679169992019
29037,8.48629847805545
29039,10.978400801029895
29041,2.5028731962712296
29043,6.844307819482834
29045,4.48242050707382
29047,5.861069933630412
29049,3.06609458612544
29051,8.901171206737729
29053,10.022157831941367
29055,3.5430839002267573
29057,3.9325130026639603
29059,14.132443225844908
29061,5.419186529111823
29063,6.407074154514428
29065,7.6259819888867595
29067,19.650686933645133
29069,5.395424529778111
29071,2.988412879832893
29073,2.792011562212587
29075,9.691303057287028
29077,7.976407654792967
29079,13.692622551408245
29081,14.770570503516803
29083,15.88092672413793
29085,1.8385789965721409
29087,12.072475570032573
29089,6.309148264984227
29091,10.413366336633663
29093,12.634054562558795
29095,7.832585239661919
29097,9.07635174270042
29099,8.349906049841588
29101,11.550527616693602
29103,7.867344468651658
29105,16.932332518062466
29107,6.815254186513286
29109,5.976600921468137
29111,12.995788855156205
29113,2.642392420956512
29115,8.040122247472768
29117,3.6788417242513987
29119,1.8021920894164536
29121,12.488757548503148
29123,10.207753966955668
29125,1.9071490845684393
29127,6.7509815503283415
29129,37.75429326287979
29131,1.6890253757879425
29133,1.3093745647026047
29135,3.9917985519318253
29137,5.791855203619909
29139,5.900621118012422
29141,1.4053002674446875
29143,2.5321797847647183
29145,5.695701552121692
29147,31.31364997860505
29149,8.694053855344178
29151,3.6388528606427437
29153,17.741437827830918
29155,6.09969392216878
29157,4.849507142480628
29159,6.286580886708846
29161,9.281158650013287
29163,9.926550010801469
29165,6.322070710463268
29167,1.0405626746314673
29169,22.05111527719325
29171,10.202851978308898
29173,1.5638831513720861
29175,6.016368930510742
29177,2.136715757214608
29179,18.249701314217443
29181,3.971631205673759
29183,4.908664715591494
29185,3.5900050994390615
29186,12.422154863598788
29187,7.8244771186829665
29189,5.048280501404469
29195,14.17201540436457
29197,37.32791694877003
29199,3.696056163534999
29201,7.624199433543415
29203,4.916479090155195
29205,15.204770123960458
29207,3.1900694073678593
29209,4.713992919694429
29211,10.51534107834376
29213,17.45524915336236
29215,5.079206398031375
29217,16.15388250862517
29219,3.8846000061513855
29221,6.933915459416551
29223,17.764958213149914
29225,3.2208165294735096
29227,5.343159834177798
29229,10.103640712197715
29510,3.5847839295445576
30001,7.1382219338092145
30003,23.668869024485037
30005,18.425512247727625
30007,3.8132573057733428
30009,3.3339948402460804
30011,34.310344827586206
30013,9.86880125911444
30015,22.46688456906933
30017,4.538849474314044
30019,5.197030268418047
30021,12.000892259647557
30023,2.7425252742525275
30025,5.017301038062284
30027,11.919558087346799
30029,4.0768520147809255
30031,4.364729145487248
30033,18.490878938640133
30035,15.11306813941339
30037,40.38461538461539
30039,33.80967846703475
30041,21.40283300198807
30043,10.845169209188146
30045,22.152509652509654
30047,1.909830932999374
30049,4.265320608880827
30051,19.1962377084224
30053,2.7124498399959363
30055,12.802768166089965
30057,9.868677675204784
30059,41.03648863035431
30061,9.093061804404451
30063,4.967108573728946
30065,12.780960775672103
30067,12.39447429009977
30069,29.554655870445345
30071,13.284740183399952
30073,12.920526572403706
30075,20.768789443488238
30077,5.863099473459513
30079,34.77523324851569
30081,0.8927683278623296
30083,11.58423968807716
30085,8.326139088729017
30087,10.700747319397813
30089,12.95890651012004
30091,11.82033096926714
30093,2.192982456140351
30095,4.0035099265109135
30097,5.094494658997535
30099,18.29408858883583
30101,7.888805409466566
30103,44.84679665738162
30105,14.384584068394625
30107,16.328413284132843
30109,44.24778761061947
30111,6.366069256345795
31001,12.179568932534115
31003,3.8593866866118174
31005,34.34782608695652
31007,27.536231884057973
31009,25.523012552301257
31011,3.4877384196185286
31013,9.17049876193845
31015,12.291567413053835
31017,4.133545310015898
31019,9.452952149581362
31021,0.21872265966754156
31023,4.204883859440143
31025,3.2447208906144764
31027,4.586534116583823
31029,8.799798285426123
31031,10.852441799404867
31033,5.411082216443289
31035,8.055640476918374
31037,9.320019020446981
31039,5.197505197505198
31041,14.407167017094798
31043,4.9414453013424735
31045,9.703768242213025
31047,14.572884979034777
31049,7.882534775888717
31051,10.366666666666667
31053,8.239077702978932
31055,2.329098257624103
31057,17.181274900398407
31059,6.99490662139219
31061,13.488372093023257
31063,8.381712626995645
31065,1.0082677959265982
31067,8.36358746806508
31069,9.431210500729218
31071,2.9282576866764276
31073,11.986301369863014
31075,19.055374592833875
31077,20.606776989755712
31079,7.0384083812513865
31081,2.740026304252521
31083,2.541630148992112
31085,44.46742502585315
31087,37.585969738652
31089,8.528988979396262
31091,32.744565217391305
31093,5.132291998724896
31095,9.884722406254141
31097,5.846271803718612
31099,0.5393743257820928
31101,6.8833652007648185
31103,26.45631067961165
31105,3.1405391258832767
31107,11.757269279393173
31109,4.784395617486607
31111,3.133267195767196
31113,4.980340760157274
31115,11.867088607594937
31117,32.83858998144712
31119,7.821997935543067
31121,10.465264499681325
31123,18.028560095200316
31125,1.3119143239625168
31127,1.2693156732891833
31129,13.555555555555555
31131,19.612452350698856
31133,5.409304002884962
31135,7.34006734006734
31137,4.603831084022638
31139,9.785301403798513
31141,3.787573285355337
31143,1.4428412874583796
31145,19.2311171415649
31147,9.709434413487983
31149,8.977719528178243
31151,11.380281690140846
31153,6.896247796524805
31155,6.183830606352262
31157,1.971869083040303
31159,7.373134328358209
31161,10.330956299140611
31163,4.91751269035533
31165,20.51868802440885
31167,1.5989557839778104
31169,5.604437643458302
31171,34.62132921174652
31173,1.3256484149855907
31175,4.436619718309859
31177,4.971829593753089
31179,2.4387701928087546
31181,13.641133263378803
31183,31.295843520782395
31185,5.554335894621295
32001,5.776419986332757
32003,5.1868809477319635
32005,12.04119411877354
32007,4.086607398910238
32009,43.67816091954023
32011,6.240563663814796
32013,5.1851403678606
32015,4.1731601731601735
32017,14.574368568755846
32019,9.797999230473259
32021,32.73260687342833
32023,34.21244254312111
32027,4.427661779949652
32029,0.09975062344139651
32031,6.795805480212716
32033,12.46261216350947
32510,2.74450917248616
33001,2.2550259619225135
33003,0.4475302187460789
33005,4.232529792393376
33007,5.182271970957495
33009,2.5056666442245112
33011,4.0796464372967725
33013,3.0919457816927856
33015,5.207250112626726
33017,5.664146561314894
33019,8.470120250560102
34001,7.82301155713552
34003,0.894250018782123
34005,5.0332713812637335
34007,4.451219393486315
34009,8.742096334755566
34011,11.685298729110633
34013,0.7487540961441077
34015,6.468878343878344
34017,0.11887756871722589
34019,2.6326656226382754
34021,3.6689012395194713
34023,3.902782957012217
34025,4.700180843300866
34027,3.684112164720604
34029,8.86488474019498
34031,1.8257233264036583
34033,8.428794092277894
34035,3.204882452603851
34037,5.345526412755837
34039,0.9433381982072659
34041,7.818422699002687
35001,6.032926630483998
35003,44.10738255033557
35005,16.336354634777972
35006,21.91967074559953
35007,14.64
35009,12.932032412766661
35011,7.81404549950544
35013,16.507434295737287
35015,10.171097363874491
35017,10.70678322152199
35019,14.358864945594197
35021,48.201438848920866
35023,15.937883122190437
35025,7.159299828510513
35027,15.324193784456261
35028,5.041782729805014
35029,23.86531181510261
35031,34.101717674704865
35033,59.96721983200164
35035,7.900057996457513
35037,18.205950669173763
35039,0.0
35041,14.748563942356142
35043,18.422632847120347
35045,19.215034911260805
35047,22.675466947912767
35049,9.343830200457793
35051,14.973306639973307
35053,27.286465912907197
35055,13.802107052858487
35057,21.64438747482146
35059,11.013409540558364
35061,26.91820449529183
36001,5.542004707367425
36003,1.3259510480938177
36005,0.0005775722903917962
36007,3.6729810568295114
36009,2.4141837967055544
36011,0.9934271361807413
36013,5.646936733256736
36015,6.182595969830013
36017,1.8107256770410285
36019,3.2254529514903565
36021,7.130404463040446
36023,4.3112534457596885
36025,3.697373905794081
36027,5.657371053622331
36029,5.754374129526463
36031,0.6553213106426213
36033,7.579604255896432
36035,3.803281050224199
36037,1.5462973751227551
36039,1.9646086020194633
36041,12.179487179487179
36043,4.177064120646631
36045,5.8677266430925155
36047,0.0016369225855391864
36049,4.492930187913021
36051,3.9086752404691634
36053,5.785517823588682
36055,6.86053760089421
36057,18.373523965033154
36059,0.48449757079338157
36061,0.0
36063,5.263109267377777
36065,5.596948202896823
36067,6.0788906827457145
36069,3.04546423177771
36071,5.970017139960248
36073,3.8243593032203904
36075,2.4699244117960184
36077,10.633000851282546
36079,6.697422525323438
36081,0.07463951133310202
36083,4.096494364262462
36085,0.15659334798284727
36087,4.35853917551903
36089,7.28846566140213
36091,3.574567295213723
36093,2.981380108190555
36095,1.2641607377324497
36097,0.3543586109142452
36099,2.0595160420980965
36101,4.400444489342358
36103,4.040646867780493
36105,2.8460159645118446
36107,1.0601466992665036
36109,5.4497656649994095
36111,6.137769667877672
36113,5.334287062261251
36115,2.364907618324475
36117,1.9430107068207993
36119,1.3588476819936088
36121,4.265211718657336
36123,0.1775287991163011
37001,11.110890551905301
37003,7.594494327652025
37005,1.9901389511429852
37007,4.627430607095146
37009,10.582456654814706
37011,0.19104343428667753
37013,9.187797064427647
37015,24.480781881402123
37017,7.249218527990907
37019,8.612970185514424
37021,9.81671548099598
37023,10.00417986624428
37025,8.269151906342866
37027,15.369328788736466
37029,1.0521042084168337
37031,7.701334456664009
37033,3.0144609806484253
37035,9.787636533253865
37037,4.550822769860641
37039,3.184666958169363
37041,16.284729263841005
37043,1.0956833852838386
37045,6.053345296600665
37047,3.6713828358979654
37049,8.69523211439061
37051,13.561301188676115
37053,0.4629039792754916
37055,8.505306603773585
37057,9.544567099301318
37059,8.38506304558681
37061,6.319118024100504
37063,8.07027247213056
37065,9.559343612957985
37067,14.231613767929963
37069,2.169286857255976
37071,11.90619450132469
37073,7.887185373452488
37075,1.0156867170748223
37077,8.456839575405567
37079,0.07021814436850482
37081,7.288608248055921
37083,6.3941050629902545
37085,6.567083485934529
37087,3.2810488515482077
37089,8.11785647367435
37091,11.398921723620738
37093,7.856960299880729
37095,30.08605851979346
37097,5.755878497462947
37099,1.8574160065555858
37101,2.878409265860562
37103,0.0886437506155816
37105,8.144679086164587
37107,13.31036221531221
37109,6.877914776720117
37111,1.280113787892257
37113,3.4166617534343495
37115,6.2560200346754
37117,3.9869414405223425
37119,5.473735031991197
37121,1.733102253032929
37123,6.867400532412404
37125,6.830827110270038
37127,5.46118530884808
37129,8.828768373736228
37131,0.46155934657676817
37133,14.51072159845195
37135,2.178608530578994
37137,3.4692635423006695
37139,10.016969577728045
37141,5.703123503839746
37143,2.304318739314651
37145,5.085647678897223
37147,8.473487641839332
37149,1.613846903949293
37151,10.25523449404594
37153,11.192349750209052
37155,5.414107685886352
37157,9.84590412524161
37159,8.808911491894703
37161,5.254387258516443
37163,2.7431382131765227
37165,9.514063666786514
37167,2.1837088388214903
37169,4.255184489778697
37171,2.9793818630977427
37173,1.5163436091838924
37175,2.95255364158356
37177,4.220558202859088
37179,7.567116427875922
37181,2.9941438069657873
37183,5.38550244008555
37185,1.35895479687202
37187,0.27970970668279405
37189,2.5509504884590535
37191,10.38630599479706
37193,3.518892414190943
37195,2.7033015732328827
37197,5.280424933604125
37199,0.5724548209675608
38001,5.6764831412718735
38003,6.280498825230436
38005,15.12012012012012
38007,18.13537675606641
38009,10.452636490900607
38011,2.9197080291970803
38013,16.260162601626018
38015,4.603483052098195
38017,3.262828986900613
38019,8.239418983220636
38021,2.836074872376631
38023,7.918879768227909
38025,13.29185520361991
38027,8.176100628930818
38029,13.408450704225352
38031,5.892910559377804
38033,33.273809523809526
38035,9.965450711176919
38037,15.747702589807853
38039,5.950413223140496
38041,29.188534517561568
38043,37.987679671457904
38045,19.42498187968108
38047,26.13065326633166
38049,16.997219647822057
38051,5.33997864008544
38053,15.738993710691824
38055,13.200178531577773
38057,4.2260208926875595
38059,5.201849222816788
38061,2.5153134367261827
38063,26.455534229046705
38065,19.60996749729144
38067,8.296236341562121
38069,6.633004360798715
38071,5.239717055279015
38073,1.7775334432838557
38075,13.522267206477732
38077,5.361191103486306
38079,4.986725981201119
38081,1.5669887699138156
38083,28.917486752460256
38085,24.343847820852396
38087,20.495185694635488
38089,6.425885367163932
38091,12.455696202531646
38093,6.369668246445498
38095,8.014247551202137
38097,2.1425932766900626
38099,5.351200647540247
38101,7.403323875152006
38103,9.983361064891847
38105,5.049557996249665
39001,11.187390542907181
39003,4.0025956682435035
39005,1.5130130412691243
39007,9.955959289437127
39009,10.981052241456522
39011,2.169796948791051
39013,6.910511363636363
39015,2.7627882085358784
39017,9.43009263032081
39019,1.90040227493411
39021,1.2145547048407612
39023,8.030621760534363
39025,9.661385366051388
39027,12.326355851569934
39029,6.126612327407943
39031,2.7804124549470206
39033,13.623698154577015
39035,3.3129654829774036
39037,3.495156630601031
39039,5.735584189358813
39041,4.717760914737047
39043,6.89682014556494
39045,5.989490681189961
39047,3.871856699965553
39049,6.5429846984822255
39051,5.922994051243618
39053,6.704596883687851
39055,4.047585904121471
39057,6.217004078651755
39059,12.51278469329209
39061,7.920869818812673
39063,3.828461394453211
39065,3.3002682637719136
39067,4.582702975289965
39069,1.7791954634059897
39071,2.367569799720113
39073,5.714771953710007
39075,2.199877260067035
39077,4.689229530741623
39079,2.5823927765237022
39081,10.122078928115451
39083,5.951970584855797
39085,7.843819145282797
39087,4.4595676541232985
39089,8.199793383465872
39091,2.642941253434515
39093,6.74949229482738
39095,6.846078109616016
39097,8.235294117647058
39099,15.378753302655104
39101,13.515586231785989
39103,3.8698558596198036
39105,14.90534286916281
39107,2.606948596069976
39109,3.9431838136304216
39111,2.5679551973774073
39113,10.134858629214449
39115,7.865019263982995
39117,0.3732736095558044
39119,10.654785417199154
39121,14.305223625810857
39123,8.960123587911557
39125,6.2251453043744265
39127,1.7804648067003161
39129,3.0342202592552696
39131,1.3967745306349926
39133,9.637031576208502
39135,2.9808374733853795
39137,4.86970636830053
39139,13.629242819843341
39141,5.622309899569584
39143,3.2685744289839853
39145,3.222682046315048
39147,8.390166534496432
39149,4.153936426360197
39151,8.575932010245323
39153,7.609532264881936
39155,11.289893111187189
39157,3.0362273444082004
39159,8.378585086042065
39161,6.846646256610075
39163,2.4116114625976928
39165,6.105043419388508
39167,4.0694098222668265
39169,4.8402025847013626
39171,10.477657935285054
39173,8.041406349611119
39175,1.6935662171125359
40001,5.166865053123485
40003,14.852889046437433
40005,14.983782259201805
40007,11.870120652945351
40009,7.843935078439351
40011,23.520053587875744
40013,10.78838174273859
40015,9.85472972972973
40017,7.558355908292294
40019,7.639253947894106
40021,14.042181880094494
40023,21.078592568234132
40025,15.070707070707071
40027,5.599499521025982
40029,11.291139240506329
40031,11.203242598591435
40033,6.943323106733408
40035,13.766717679153636
40037,5.329655408978518
40039,16.334777385416288
40041,9.263142671198207
40043,25.072765072765073
40045,13.635268609973501
40047,4.966985803895676
40049,4.986219901363505
40051,7.112204611775477
40053,19.151756129887342
40055,7.068440455201154
40057,2.0533880903490758
40059,20.189959294436907
40061,17.73827237841648
40063,7.441262586588588
40065,10.08848219012327
40067,13.597033374536466
40069,13.607739344711144
40071,15.261371934195267
40073,4.117334042836238
40075,19.288587762015666
40077,7.432311278465124
40079,9.15369958717053
40081,11.102033670819596
40083,15.250430128082584
40085,5.826170009551098
40087,3.390714658320292
40089,13.782389671503122
40091,6.6413193758641125
40093,2.882954696426199
40095,14.431818181818182
40097,5.487287622094573
40099,5.708778173190985
40101,5.883927313706156
40103,12.317273592249805
40105,10.725132877752468
40107,7.456320236239849
40109,6.94193002547893
40111,16.18957298659812
40113,16.009437141894168
40115,8.948756593820647
40117,1.6106653797430175
40119,10.722689075630251
40121,14.17632043981936
40123,9.239304384935453
40125,8.820310474928718
40127,9.4106463878327
40129,20.37290924047162
40131,4.846671652954376
40133,12.20861784789263
40135,10.164893491543015
40137,8.550879062333511
40139,12.708333333333334
40141,17.68018018018018
40143,8.746393372257016
40145,10.189505370459054
40147,12.666745134965474
40149,16.157881159171037
40151,7.805812119846812
40153,6.817389572232458
41001,14.503532911863147
41003,7.383820797158181
41005,3.3476776101619183
41007,3.7258025324657793
41009,1.4184109744483395
41011,3.9322367273131036
41013,5.3818285823243395
41015,2.1239492040779826
41017,5.1320903045019115
41019,9.686347720285696
41021,20.7910208444682
41023,14.5063801208865
41025,12.543788736189706
41027,2.0898594826814643
41029,5.820202159385057
41031,4.111418047882136
41033,9.113440450715123
41035,12.770412774932208
41037,18.492716909436353
41039,5.528055385752669
41041,4.8485901724812095
41043,11.52033049917718
41045,4.142049627950053
41047,4.8951115480362155
41049,1.4499239237447419
41051,1.5012225736876033
41053,8.077927933901835
41055,17.73371104815864
41057,0.807920792079208
41059,11.921358826707428
41061,3.7556315053596396
41063,10.687785388127853
41065,12.152461032007297
41067,2.306922655792792
41069,51.07564191533657
41071,3.3359208815138164
42001,4.189059926829509
42003,5.520097306735287
42005,2.046677593884626
42007,9.389054703029805
42009,6.273863590691692
42011,3.291837002542278
42013,4.379607991250226
42015,4.721982689789531
42017,4.457903971057931
42019,3.189348533138985
42021,6.346090938828917
42023,3.0285152409046217
42025,1.8268479210409354
42027,3.0794207416065977
42029,6.19400023251805
42031,5.946784035210563
42033,5.7911369148232525
42035,3.440542331413426
42037,2.59751838918196
42039,4.061285416549316
42041,5.281938438272602
42043,8.47668780305856
42045,2.3854205614164394
42047,4.71733550366243
42049,13.744003193544478
42051,6.3496478924791
42053,14.994815966822188
42055,6.276651205068909
42057,0.868979454361738
42059,6.630305536886729
42061,0.46174286149892185
42063,2.534878487848785
42065,2.316371681415929
42067,2.4801104075336906
42069,4.067395085736137
42071,4.85421940725197
42073,6.875356719497739
42075,4.47412553905127
42077,4.186588153832508
42079,5.061417558379399
42081,8.435893240089225
42083,0.713463751438435
42085,7.865361203038461
42087,6.940576667666338
42089,5.51041556269945
42091,3.7739694001805284
42093,4.269995073082608
42095,4.750869061413673
42097,2.2490690589031823
42099,2.284148012791229
42101,0.3123185623123369
42103,2.6686886646098067
42105,1.466460445666495
42107,2.4027405943798934
42109,2.8260541030678556
42111,5.752360371485169
42113,11.341008089607966
42115,6.105268013654396
42117,9.378051975893857
42119,10.672569915678466
42121,1.9569329259420922
42123,4.33576467774722
42125,9.646809739197382
42127,0.8746355685131195
42129,7.652073423538143
42131,0.24402319988682983
42133,5.438740884470724
44001,12.092230576441104
44003,5.5368986145716725
44005,4.643615481131165
44007,3.2621791158621725
44009,7.594956646374597
45001,8.83267104693709
45003,9.226166309595937
45005,1.2861119109319512
45007,12.317369045456003
45009,15.525114155251142
45011,0.013262013173599752
45013,13.102759611176518
45015,9.022564846521933
45017,0.27677100494233936
45019,5.9878529677992285
45021,5.149795815113295
45023,9.103802051901026
45025,4.429323404801643
45027,7.271739441251323
45029,18.152833487606706
45031,6.87380789446863
45033,1.9025637826710748
45035,6.838270294020724
45037,12.065962571799147
45039,10.490065119385541
45041,7.474157139204442
45043,9.662887728980351
45045,10.06836943875007
45047,4.147227286429997
45049,6.552868658131816
45051,8.36752806443587
45053,5.09343342616136
45055,12.089728836086033
45057,6.983509888848301
45059,6.742113410583585
45061,2.8355879292403747
45063,8.659214683430452
45065,1.6515195934721
45067,0.11493557558526404
45069,8.823834375972073
45071,15.41271195478298
45073,10.406204138785291
45075,12.808510178268342
45077,15.60172448500302
45079,17.00632503172919
45081,0.9207547169811321
45083,14.120651267819646
45085,7.040090827873734
45087,3.7360588377473154
45089,4.4330825320280045
45091,8.530430436186542
46003,16.900369003690038
46005,6.362800321876078
46007,23.316817254444768
46009,26.053748231966054
46011,16.442984514312528
46013,8.360022994169336
46015,13.206470028544244
46017,12.02928870292887
46019,16.82492581602374
46021,8.526603001364256
46023,3.603899660422828
46025,16.228664318612843
46027,11.071840738603578
46029,6.519263965916186
46031,21.209876543209877
46033,7.631450827653359
46035,9.982567678424939
46037,18.581436077057795
46039,9.945004582951421
46041,24.25957366534616
46043,2.1652231845436374
46045,9.506263817243921
46047,12.461234846349027
46049,18.781725888324875
46051,4.023926046764546
46053,11.121517209084523
46055,20.85699535363965
46057,24.885651363713365
46059,9.122704750801516
46061,14.74031822275593
46063,25.0199203187251
46065,7.114322641287745
46067,2.3287484679286394
46069,4.859154929577465
46071,45.82645991421973
46073,24.287783679381942
46075,40.15904572564612
46077,3.787878787878788
46079,2.4285714285714284
46081,6.44893555214342
46083,2.6345141429463728
46085,16.830892143808256
46087,11.409754360982555
46089,23.220821472143147
46091,15.163230240549828
46093,4.57655107336636
46095,28.515625
46097,6.278777731268313
46099,4.904760780796375
46101,4.301572617946346
46102,0.0
46103,9.002654832190832
46105,8.551307847082494
46107,12.365822241305281
46109,10.276874568923047
46111,27.770700636942674
46115,11.51987529228371
46117,4.753877275792313
46119,21.704297159504733
46121,12.286724927174365
46123,12.172218284904323
46125,0.7547621900083863
46127,0.42364053059240225
46129,9.525560867966163
46135,9.278901862911132
46137,25.02677615137451
47001,2.6394601285788446
47003,8.928492165653157
47005,5.767481351203833
47007,1.8949984467225847
47009,8.577351434842695
47011,12.369269322878248
47013,6.329207191276157
47015,0.7463227302369394
47017,3.4254259869574364
47019,23.047854555586515
47021,1.4013553254059583
47023,4.547311890724417
47025,4.442305901344178
47027,0.08904719501335707
47029,11.196792103639728
47031,5.29774982953254
47033,6.540518305224188
47035,10.921806147753019
47037,8.211354740290515
47039,2.823849621502084
47041,7.172995780590718
47043,3.9081061490758264
47045,14.908047476196687
47047,4.85252388514305
47049,0.11693301408764407
47051,6.391893208613466
47053,10.61127548658495
47055,4.84314057995591
47057,0.0
47059,11.137423544623788
47061,3.743705757863242
47063,14.540163724737784
47065,13.205612504198085
47067,0.5132717407244464
47069,6.95336293252119
47071,7.377238146468915
47073,6.781271444407299
47075,10.906477883642944
47077,1.7285462206057114
47079,10.402103309619548
47081,3.8639125151883356
47083,0.7476857346309044
47085,8.690257848743123
47087,0.03437016669530847
47089,5.23858618476083
47091,2.7954395965796976
47093,11.969432657915073
47095,0.07660878447395301
47097,4.256696027323387
47099,1.5691800616207696
47101,16.96406545514349
47103,3.800845298402326
47105,5.0518988384545676
47107,5.967550606512838
47109,11.92713326941515
47111,7.142215030564545
47113,13.573565019228031
47115,5.124482062542055
47117,8.965607342326159
47119,7.838826028953999
47121,0.6976942057347061
47123,5.842449291313821
47125,15.932130609118499
47127,0.04715498270983967
47129,6.813116841770137
47131,2.936460527556827
47133,0.2218901417379885
47135,13.7207833228048
47137,0.2560567264132362
47139,1.9316493313521546
47141,15.226559367265386
47143,11.635071835015248
47145,6.2420405677266935
47147,1.8737836247604966
47149,6.380710118657751
47151,7.868454201907504
47153,22.193877551020407
47155,7.7417704057226135
47157,11.18899060415418
47159,1.2052593133674214
47161,6.859801861302912
47163,11.149512507731647
47165,7.284384823679542
47167,1.578232183494049
47169,0.0
47171,1.889368208376563
47173,0.722172798157936
47175,0.8832011535688536
47177,4.889680965887698
47179,9.33248766049488
47181,8.94777040126902
47183,8.078010336655149
47185,16.446731937618512
47187,4.97374196154644
47189,5.810883124402376
48001,15.838721817373157
48003,8.20370620857568
48005,9.759020871028339
48007,16.206062699715
48009,4.925999558206318
48011,21.35718043135192
48013,5.827080225334551
48015,2.24161593412394
48017,2.1912072575017447
48019,10.23675860385648
48021,5.562821048657831
48023,1.4492753623188406
48025,10.778067229528263
48027,10.644511418763196
48029,9.68792953936177
48031,0.952653138992093
48033,15.132605304212168
48035,9.740830221831759
48037,9.491708529141684
48039,6.659407470798235
48041,12.366372253670754
48043,16.3236568457539
48045,48.44227244960293
48047,10.148137892842309
48049,13.283997270771007
48051,5.376156397277012
48053,6.795321637426901
48055,6.88278253559607
48057,28.31485898695103
48059,9.029828706438275
48061,17.927723893456747
48063,4.9512136118055
48065,5.27337431252022
48067,7.494091386554622
48069,4.477797072686678
48071,4.13437428766811
48073,12.781984462582358
48075,18.946172418690526
48077,20.563616071428573
48079,9.210105532459226
48081,36.08433734939759
48083,10.207982012366498
48085,2.8394267972661535
48087,2.845927379784102
48089,7.281785953818147
48091,4.47212183789365
48093,7.936167167596966
48095,12.038169806704184
48097,2.705726253349637
48099,25.57170902530907
48101,56.87707641196013
48103,3.9085714285714284
48105,2.2586716859370797
48107,2.343621059580789
48109,4.253544620517098
48111,17.589139191406833
48113,7.236821825070234
48115,18.78840453986843
48117,7.433409043981004
48119,1.9881475817243357
48121,4.7459003280944865
48123,2.1744538985918296
48125,5.8919803600654665
48127,26.660664265706284
48129,5.5208050040794125
48131,13.911050755389578
48133,10.8862939245547
48135,7.180777364544593
48137,10.939060939060939
48139,7.3344027805627965
48141,9.127493139923088
48143,18.11295856426498
48145,5.1494458748460765
48147,12.99719887955182
48149,5.5917569438787975
48151,3.6738802214393558
48153,4.467887061743717
48155,41.31736526946108
48157,5.913815929959427
48159,20.782649693540783
48161,8.720226079935406
48163,11.657083115525353
48165,1.3808056601620449
48167,8.652667785753271
48169,5.262343290512304
48171,3.1324234005717275
48173,36.460032626427406
48175,9.86130374479889
48177,17.473620437219164
48179,8.49345462613712
48181,5.896076176609281
48183,9.957282510474
48185,12.201172755976545
48187,12.379402887488311
48189,8.143798417555757
48191,13.003280644199224
48193,12.23435481977222
48195,3.634420096205238
48197,7.80381734718531
48199,9.2083829047314
48201,5.775158651558879
48203,4.836129268181195
48205,11.530847904981854
48207,11.442617392778438
48209,2.4486496464193195
48211,2.7843446283162594
48213,8.346915906891459
48215,20.28720818721451
48217,1.8866311379634644
48219,15.456725528667974
48221,5.378844124887656
48223,8.930348966184125
48225,13.589246586886905
48227,12.224380212498572
48229,58.199079401611044
48231,8.426894541908068
48233,8.803611738148984
48235,26.391494684177612
48237,15.811587793011942
48239,5.754884547069271
48241,5.628675441052926
48243,8.07002561912895
48245,7.620316086144772
48247,18.660377358490567
48249,9.662569175767667
48251,6.0410510554282
48253,11.835461835461835
48255,5.686724230976794
48257,3.444605708756652
48259,1.2720742292726728
48261,37.5
48263,30.198019801980198
48265,5.249370277078086
48267,8.443672672020838
48269,22.377622377622377
48271,25.625347415230685
48273,17.354418140419824
48275,5.942457649905888
48277,14.214849476834093
48279,10.839235887529513
48281,5.895207602784978
48283,11.545164101074644
48285,4.282821990344183
48287,6.447146640982423
48289,8.053092077852508
48291,4.149756091112198
48293,8.70253164556962
48295,31.55663234403392
48297,3.57297719191744
48299,13.263561473498783
48301,18.29268292682927
48303,8.188831227517744
48305,15.080304311073542
48307,19.195943498732344
48309,16.801614262726368
48311,25.31824611032532
48313,13.319672131147541
48315,2.8920917883557746
48317,6.751406543029798
48319,2.7916251246261217
48321,14.258078578824042
48323,18.030520844852372
48325,4.0472981784984565
48327,6.021409455842997
48329,5.096732713776375
48331,11.414953346528254
48333,9.015397082658023
48335,6.040625332340742
48337,4.508342208022719
48339,8.207422555546291
48341,8.578341855368883
48343,0.8582031854028143
48345,3.3057851239669422
48347,9.337610811481
48349,8.103069026919451
48351,14.122533748701972
48353,7.091219768664564
48355,9.916437160333075
48357,2.875868140467573
48359,32.553606237816766
48361,9.858621405965517
48363,24.30721070043755
48365,9.568835098335855
48367,5.754017463887725
48369,8.199435193300223
48371,19.113948539369318
48373,5.031598881377579
48375,11.745806249122431
48377,17.843438219493475
48379,0.0
48381,2.3822737626837855
48383,1.5147015147015146
48385,48.5040797824116
48387,25.87091757387247
48389,7.1972720017412755
48391,8.790464580793715
48393,21.420882669537136
48395,9.704006738057995
48397,3.2360187395483617
48399,15.979430530425674
48401,11.201950121882618
48403,5.547350932250323
48405,12.013536379018612
48407,3.233020012128563
48409,11.031726436639714
48411,13.717175012232914
48413,2.9760184917653856
48415,2.523491519413746
48417,5.387803433984606
48419,7.485853505187048
48421,9.52537903757416
48423,8.13822634635742
48425,0.0
48427,23.7304815640992
48429,13.47871235721703
48431,35.870516185476816
48433,4.832214765100671
48435,5.7897286821705425
48437,14.158390628978864
48439,8.228424673057555
48441,9.945553815035055
48443,41.5650406504065
48445,20.425262825073116
48447,32.17550274223035
48449,14.05641120801633
48451,10.435113949775003
48453,5.29032497417663
48455,7.788824134384642
48457,16.158228429660937
48459,3.39616881630161
48461,8.554396423248882
48463,25.055860632455975
48465,21.592094764622843
48467,10.67156088932844
48469,8.856705033816091
48471,6.277537908371524
48473,11.056590672375883
48475,2.636517170200788
48477,7.27801174446883
48479,9.671040015341346
48481,4.779554263565892
48483,3.1053604436229203
48485,11.288212927756653
48487,15.589213151089767
48489,25.63928797325382
48491,8.690755869111074
48493,1.598396943007596
48495,1.4345991561181435
48497,3.213421956128334
48499,8.850443237060338
48501,5.356009645894149
48503,13.69811320754717
48505,8.417748608931374
48507,23.053866575319002
49001,4.238950067883542
49003,5.106553276638319
49005,8.52950575202386
49007,9.031444190066813
49009,15.391879131255902
49011,4.637511868676158
49013,6.72327618638147
49015,11.50692419825073
49017,21.635730858468676
49019,2.4932249322493223
49021,17.587678443775317
49023,13.019715010735897
49025,14.371929824561404
49027,5.030792609773655
49029,0.06336466363924385
49031,47.81491002570694
49033,34.58480565371025
49035,2.6212663464946995
49037,30.13020480130205
49039,8.148228020990583
49041,1.3219882703586194
49043,5.673934588701685
49045,6.807173039266206
49047,8.282189763102982
49049,8.210405680612663
49051,6.8380790480238
49053,10.604930673713934
49055,15.83873290136789
49057,5.603366257849124
50001,1.5154395589473397
50003,2.785185185185185
50005,1.6716303199154579
50007,2.498323165862851
50009,10.02220107833809
50011,1.878691408704394
50013,0.4447632711621234
50015,0.2900919305413687
50017,3.469726292507603
50019,3.9991186515368513
50021,4.913857434865839
50023,5.931064601740182
50025,3.6933030799991013
50027,1.1558143638609493
51001,0.8985647087202991
51003,3.5263211074062846
51005,7.895384615384615
51007,6.15445232466509
51009,3.8667202423268323
51011,2.0436786215187337
51013,0.07850616730964663
51015,7.505084745762712
51017,10.484041428873388
51019,1.4740046463189937
51021,5.202227432590856
51023,10.845299867261977
51025,10.060800734197546
51027,1.1121254875923312
51029,5.004082584859442
51031,2.231866088034718
51033,1.5169031354002451
51035,1.7009520005325878
51036,0.7166482910694597
51037,14.603527729222947
51041,8.191034543821702
51043,0.05700441784238278
51045,3.603082851637765
51047,2.8807642057015572
51049,19.468762435336252
51051,0.0
51053,8.246134066640478
51057,16.572504708097927
51059,1.5701758116195783
51061,1.1563885097311473
51063,9.3919759146541
51065,3.156747499124207
51067,7.943517512776225
51069,4.974139582402145
51071,0.3644567858382506
51073,1.5600412393510228
51075,2.3760187871252936
51077,9.045258481941673
51079,6.520675976742923
51081,0.25320591358327205
51083,10.347396595016694
51085,3.9714408739973766
51087,4.725756267613664
51089,14.454026703107976
51091,34.46790176647997
51093,4.465551460164446
51095,8.677938784342402
51097,4.982001439884809
51099,2.1243215739484396
51101,2.8616253529965485
51103,2.1332631024493023
51105,0.0
51107,0.9948416802482141
51109,0.5459536090248243
51111,0.02323060244695679
51113,0.29305680793507666
51115,0.0
51117,9.542579521496013
51119,0.2737476047084588
51121,4.402915501313671
51125,2.1105193075898803
51127,0.0
51131,0.0
51133,2.1005677210056772
51135,21.768750394247146
51137,9.95191302529793
51139,0.0
51141,3.1422390481341265
51143,5.92384971498756
51145,1.0946302503030736
51147,5.126668948990072
51149,6.947515745276417
51153,3.815403903463167
51155,3.9028446891488873
51157,5.12681405126814
51159,2.3773503349902745
51161,3.398068762449121
51163,7.289191733536558
51165,2.77668579814975
51167,0.9828009828009828
51169,5.699615998619321
51171,3.198152072964542
51173,1.148782911077993
51175,5.094238018309101
51177,4.978880201312124
51179,4.326889524740038
51181,7.835080759421933
51183,13.799950359890792
51185,8.283419850037712
51187,5.405189620758483
51191,1.4979225891099934
51193,0.0
51195,8.535173212390234
51197,4.43988370104327
51199,2.844311377245509
51510,0.0
51520,13.843566021867115
51530,49.93984962406015
51540,3.9884991374353076
51550,4.895391275780909
51570,5.192119924185859
51580,10.837107867807415
51590,7.079317152479387
51595,1.771553905854564
51600,1.5909594504764015
51610,0.0
51620,27.44115590771382
51630,3.7923083257844024
51640,3.7773359840954273
51650,7.005442533251841
51660,1.4740156192501124
51670,14.443805055110442
51678,1.6756603237716559
51680,8.027207283506247
51683,1.8111631104412893
51685,10.173054018076087
51690,14.195789016713697
51700,7.143133815481494
51710,8.139932373158487
51720,18.06467913087418
51730,26.76125848241826
51735,7.851851851851852
51740,5.896268383315015
51750,16.394441735738663
51760,6.518652002311301
51770,7.275950201995218
51775,4.761712765099589
51790,0.8211909374210393
51800,3.8706626470414376
51810,2.5520897546541734
51820,7.954870037132248
51830,5.651123116292294
51840,4.365912300118307
53001,23.232592909013242
53003,4.6154557646950005
53005,5.228996957363124
53007,4.596082977930521
53009,12.598733964483783
53011,3.612443959629775
53013,14.222658165767534
53015,8.87120398398594
53017,14.930654940022377
53019,24.539796053502847
53021,8.876322556708416
53023,3.5304501323918798
53025,10.646319569120287
53027,5.42192672774977
53029,5.139734542582732
53031,6.695232994108195
53033,2.456078941658999
53035,7.84166158967559
53037,9.717707442258341
53039,4.857761590707747
53041,6.36273275462196
53043,12.128666035950804
53045,6.039638214797608
53047,5.379377431906615
53049,3.924474187380497
53051,10.060764556572572
53053,7.324970920179823
53055,0.0
53057,6.752722389030034
53059,1.0211458521597687
53061,3.2317214212116325
53063,4.535875947803684
53065,12.50143575842503
53067,6.911806678717534
53069,4.424333836098542
53071,5.372484306153349
53073,7.143283285273939
53075,10.326960871895658
53077,5.472575452964466
54001,5.274579540659473
54003,10.788238343461106
54005,3.288805879248041
54007,9.453969565516767
54009,4.8111678923096095
54011,2.998369999688535
54013,13.38665268126393
54015,9.855103345408054
54017,1.1948305291392343
54019,6.027498425248159
54021,31.09398366501783
54023,5.2190667671944375
54025,8.937429537767757
54027,9.894007678183943
54029,17.420784978484807
54031,6.438502673796791
54033,4.133200191030261
54035,5.381534353496971
54037,5.503009458297506
54039,9.198551768075706
54041,4.35499633520645
54043,1.1556169429097607
54045,3.2604849903382958
54047,1.9671686338353005
54049,5.129568577404375
54051,3.9629081463134685
54053,6.466842336407554
54055,12.641333675960427
54057,5.536651070466468
54059,4.597786802786989
54061,6.097370801235068
54063,18.73055843578729
54065,4.463827603899436
54067,3.9720962146914194
54069,6.536462435029138
54071,20.37686809616634
54073,0.0
54075,19.715563711434797
54077,10.13126491646778
54079,4.008218289298202
54081,16.998693871339988
54083,3.3837782690018705
54085,4.746865728777873
54087,12.649068739112957
54089,8.235800962159834
54091,0.0
54093,0.9102366615319983
54095,0.705907906168549
54097,3.4056238146285147
54099,10.826016336715238
54101,2.184837229626393
54103,16.727974431646867
54105,0.6471925835228266
54107,9.067804406826442
54109,0.004202386955790889
55001,3.650299401197605
55003,11.283035216933836
55005,6.001744059298016
55007,10.277074730251766
55009,5.722419125266626
55011,5.402222712887319
55013,2.90483276185547
55015,3.6388883216597576
55017,6.080269166065849
55019,6.852118766215048
55021,4.678619815952
55023,8.411439557798607
55025,4.289522264087545
55027,2.7174709043589944
55029,3.6458520784596007
55031,8.505627391924635
55033,5.71174498939736
55035,7.584872792092043
55037,5.019217725525661
55039,6.685820550411775
55041,12.45700773860705
55043,3.688876738009686
55045,3.599153140437544
55047,2.808251535352475
55049,1.578925148815806
55051,3.0425963488843815
55053,11.516455572399629
55055,2.4042253184523097
55057,9.428442844284428
55059,9.546585269128622
55061,0.09234956741518421
55063,4.749733945114185
55065,4.021145165122356
55067,9.88136356810332
55069,3.6287095988588525
55071,6.783968959504924
55073,5.643615315187636
55075,7.475628158758294
55077,0.3245910153206959
55078,14.41398865784499
55079,2.3155206888001394
55081,6.5744409374790145
55083,2.2012745618693574
55085,2.4973609644980277
55087,4.78677947876284
55089,5.344059262688813
55091,0.0
55093,3.8104293132450815
55095,1.6536590883384232
55097,2.5764435367543097
55099,5.021541069284554
55101,3.749590600180136
55103,18.977859164308306
55105,12.08375173859079
55107,14.218908844459506
55109,2.366471041555516
55111,2.8091519297792695
55113,10.937971854804614
55115,4.4697132231996
55117,2.2310336170102243
55119,11.508531103484943
55121,3.765269294836202
55123,6.04910489369563
55125,3.037797480167989
55127,9.608913409242087
55129,4.5565960656149835
55131,4.613798175711025
55133,5.125535085446958
55135,3.131081854607899
55137,5.017145656433703
55139,8.054780411272262
55141,6.897751140483485
56001,9.22063968704372
56003,5.665066849502914
56005,8.243556673097348
56007,18.967579477494493
56009,2.877177763319598
56011,5.717916137229987
56013,5.929267502430028
56015,5.84949807532644
56017,2.369077306733167
56019,11.261524098494574
56021,11.90782445660468
56023,5.213741301226113
56025,9.167660702451954
56027,9.25925925925926
56029,7.995036341074278
56031,4.349832698742356
56033,8.960708888583596
56035,4.274421781984971
56037,5.225311601150527
56039,3.8132807363576595
56041,1.3732361019035892
56043,3.0704324387671393
56045,8.754162042175361
