latitude,longitude,oil_barrels_spilled,spill_count
18.44801,-66.07476,66.0,1
21.30438,-158.0937,14.0,1
21.31668,-158.09993,3.0,1
21.31774,-157.89055,1300.0,1
23.336784,-94.95822,1413.0,1
25.964238,-97.381096,1330.0,1
26.650465,-98.460842,25.0,1
27.5529182,-97.9228261,1.7,1
27.68402,-97.83324,1000.0,1
27.72222,-97.76397,1967.0,1
27.770422,-97.54975,6.5,1
27.783128,-97.825896,1.0,1
27.79952,-97.5645,181.0,1
27.80113016,-97.45456557,0.1,1
27.80859,-97.43599,0.36,1
27.8125,-97.5036,15.0,1
27.8144306,-97.5037194,0.71,1
27.815402,-97.403012,3.48,1
27.8189044,-97.5079139,0.4,1
27.8215,-97.395,1300.0,1
27.826919,-97.198572,24.2,1
27.829677,-97.197331,5.0,1
27.829994,-97.50026,5.0,1
27.831131,-97.518106,0.22,1
27.83125,-97.51745,0.38,1
27.83146,-97.51851,1.2,1
27.832444,-97.501889,0.5,1
27.83668,-97.52718,0.44,1
27.839803,-97.531604,0.18,1
27.86028,-82.59958,286.0,1
27.8608333,-82.1983333,7.1,1
27.87527711,-91.9863888,1.49,1
27.91036,-97.40839,15.0,1
27.943,-90.998,0.02,1
27.9469444,-90.9969444,0.39,1
27.959521,-97.360576,500.0,1
27.97348,-82.32001,803.0,1
28.00917,-97.572805,1.0,1
28.05529,-97.32797,3.0,1
28.059821,-97.687843,15.0,1
28.059862,-97.687872,150.0,1
28.0684416,-81.785888,0.96,1
28.10406,-90.79238,0.5,1
28.10406,-90.79237,1.4,1
28.16015,-97.25506,0.8,1
28.260372,-92.250136,0.1,1
28.279502,-97.29544,0.12,1
28.29088,-98.90041,5.6,1
28.33034,-99.70332,790.0,1
28.3445,-97.1422,1.0,1
28.3448,-98.1212,1.0,1
28.3563889,-99.571389,220.0,1
28.37,-99.641,1.0,1
28.40632,-98.13716,770.0,1
28.408293,-98.212383,3.0,1
28.41922,-97.9921,0.4,1
28.422635,-81.369965,0.23,1
28.422698,-81.370474,0.1,2
28.43916,-98.334664,1.7,1
28.4601,-98.44885,400.0,1
28.4622222,-98.2225,0.24,1
28.46343,-99.14065,4.4,1
28.480925,-96.37387,0.14,1
28.488488,-98.160559,2752.0,1
28.5088889,-99.2227778,0.48,1
28.510104,-99.223506,139.20000000000002,2
28.524255,-99.221245,15.0,1
28.525786,-99.222804,1.0,1
28.526987,-99.223782,1.0,1
28.54022,-99.18709,16.1,1
28.558649,-98.163536,1.98,1
28.560826,-95.191378,1.0,1
28.57446,-96.93008,8000.0,1
28.58189,-97.78703,0.21,1
28.605919,-97.800378,1.6,1
28.60758,-97.81663,100.0,1
28.61171,-97.09409,200.0,1
28.617778,-92.068889,0.0,1
28.618056,-92.069167,0.11,1
28.63112,-98.789953,1.0,1
28.68555,-91.04555,5.7,1
28.69666,-96.55023,167.93,1
28.711239,-89.437681,0.52,1
28.7692347,-96.5543421,0.38,1
28.804167,-96.793611,2.0,2
28.809202,-96.978674,0.48,1
28.8239,-97.9906,12.66,1
28.84642,-98.08712,50.0,1
28.84754,-98.08785,2.0,1
28.85030001,-97.00220001,2.0,1
28.8559,-94.8926,13.1,1
28.885881,-96.433027,28546.0,1
28.894955,-97.759029,1187.69,1
28.91382,-96.628799,4.5,1
28.920722,-98.141111,0.71,1
28.928655,-97.786325,0.95,1
28.9351,-95.3198,0.71,1
28.93564,-95.320507,1.0,1
28.948749,-95.432151,0.01,1
28.949113,-95.430507,300.0,1
28.94921,-95.429876,5.0,1
28.949425,-95.430279,0.2,1
28.949448,-95.430748,0.35,3
28.949612,-95.430288,0.1,1
28.949672,-95.431631,0.25,1
28.949889,-95.432381,100.0,1
28.950662,-95.431357,0.01,1
28.95081,-95.43176,3.0,1
28.950953,-95.432542,1.0,1
28.951037,-95.433298,1.0,1
28.951204,-95.433627,0.5,1
28.9598,-95.31151,132.0,1
29.013562,-96.257299,0.5,1
29.04464,-97.49499,12.5,1
29.04718,-95.35215,0.2,1
29.06023333,-95.35065556,3.0,1
29.066379,-97.369206,0.48,1
29.066613,-97.368731,0.63,1
29.069927,-95.716402,0.24,1
29.074975,-95.732612,11.4,1
29.084431,-95.403144,250.0,1
29.08966,-96.62664,34.6,1
29.089664,-96.626644,2.48,1
29.1049,-90.1919,1.0,1
29.105684,-90.192503,0.02,1
29.10788,-90.16212,0.01,1
29.11242,-98.11987,2.0,1
29.119939,-90.132573,0.1,1
29.1425929,-95.9728079,315.0,1
29.145153,-95.67591,3.0,1
29.1452,-95.68005,10.0,1
29.145494,-95.674314,8.0,1
29.146389,-96.0775,150.0,1
29.1514,-89.5806,5.0,1
29.193322,-96.985528,0.2,1
29.193445,-96.984823,210.0,1
29.19462,-96.98528,10.0,1
29.206868,-94.561023,5.0,1
29.21194,-98.40472,168.0,1
29.214284,-97.518923,0.48,1
29.22007944,-89.3959391,1.0,1
29.238862,-89.384553,2.0,1
29.245664,-88.982508,220.0,1
29.253809,-89.967529,0.87,1
29.2564,-89.1883,400.0,1
29.25694,-89.96583,10.0,1
29.26536,-88.77223,0.09,1
29.274667,-89.952333,204.0,1
29.286841,-89.929906,2.0,1
29.30541,-97.400301,4.0,1
29.310878,-89.296158,0.05,1
29.31589,-89.28764,125.0,1
29.317764,-96.02161,1.4,1
29.3191,-89.8076,160.0,1
29.337541,-96.678846,17.0,1
29.345095,-94.935211,100.0,1
29.34525,-94.935183,62.2,4
29.345358,-94.93561,0.5,1
29.345464,-94.935654,6.0,1
29.34551,-94.93573,0.2,1
29.34578,-94.936904,2490.0,1
29.3475,-94.94167,70.0,1
29.348547,-94.939136,1.0,1
29.348769,-94.93915,1.0,1
29.349,-94.939333,0.67,1
29.34921,-94.93901,13.0,1
29.358902,-95.85094,0.0,1
29.36555,-94.93971,0.47,1
29.36557,-94.93976,10.0,1
29.36586,-89.34615,3.0,1
29.366003,-94.929943,0.2,1
29.368056,-97.204444,6.0,1
29.3736,-89.5514,0.17,1
29.374592,-89.552288,0.12,1
29.3753,-89.3561,79.0,1
29.3786,-95.1101,0.44,1
29.37889,-94.93121,25.0,1
29.38357,-94.92492,9.76,1
29.39972,-94.96417,0.47,1
29.4009,-94.95689,482.0,1
29.419652,-95.308771,3.0,1
29.419868,-89.515921,0.07,1
29.422222,-89.99,0.0,1
29.422303,-95.140306,0.12,1
29.4305,-95.1201,41.4,3
29.4313,-95.65,7.0,1
29.43573,-95.121835,52.260000000000005,6
29.4388,-96.804483,40.0,1
29.441693,-98.369949,1025.0,1
29.44778,-90.26972,7.6,1
29.461595,-95.245072,0.01,1
29.466936,-89.514842,2.0,1
29.46867,-90.25267,0.04,1
29.47,-90.25444,202.0,1
29.470028,-96.626722,0.5,1
29.47097,-95.632929,0.24,1
29.473497,-96.621621,0.7,1
29.4745,-95.1642,0.12,1
29.485,-89.4441666,0.02,1
29.51419,-93.5739,0.2,1
29.52032,-95.107733,0.1,1
29.52107,-93.5745,0.16,1
29.52225,-95.108347,1.0,1
29.526883,-95.104507,1.5,1
29.54619,-95.213783,4.46,1
29.56687,-98.12972,15.0,1
29.57863,-95.017273,2.3,1
29.579031,-96.076544,0.36,1
29.605714,-92.901848,0.02,1
29.610094,-95.181228,1.0,1
29.614125,-95.184793,3.0,1
29.614404,-95.182757,0.2,1
29.615889,-96.344667,9.0,1
29.617889,-96.350778,1.75,1
29.6218722,-90.68983889,0.36,1
29.62333683,-95.05727158,85.3,1
29.623347,-95.04155,0.11,1
29.62478,-95.09823,987.52,1
29.630232,-95.058734,33.8,1
29.630833,-95.119722,1.5,1
29.631459,-91.532241,4.0,1
29.633617,-90.1741,24763.0,1
29.646875,-96.518653,80.0,1
29.66904,-95.05733,3.0,1
29.68112,-95.01403,1432.0,1
29.69373658,-95.03284979,108.4,1
29.69438,-95.02538,4.87,1
29.69581,-89.97761,0.3,1
29.701113,-94.967825,8.3,1
29.70158,-95.0414,6.15,1
29.705369,-95.249282,0.79,1
29.705972,-95.237834,77.82,2
29.70639,-95.23416,0.25,1
29.706473,-95.2338293,2.0,1
29.706587,-95.228165,52.0,1
29.706862,-95.249419,976.0,1
29.70687777,-95.24941107,764.71,1
29.708617,-95.1625,2.09,3
29.70989,-90.25945,3.43,1
29.712258,-95.880858,5.0,1
29.71478,-95.17611,0.48,1
29.715674,-95.178747,3.61,1
29.716111,-95.2219583,940.0,1
29.716471,-95.217226,20.0,1
29.7169,-95.2364,0.25,1
29.717115,-95.17842,0.76,1
29.717169,-95.179264,5.0,1
29.717371,-95.179389,0.36,1
29.7177027,-95.1871166,15.0,1
29.717845,-95.178373,0.55,1
29.71816,-95.17971,11.0,1
29.7182,-95.1278,3.0,1
29.71831,-95.18038,4.5,1
29.718312,-95.180385,14.0,1
29.71871,-95.17964,0.4,1
29.718767,-95.179554,0.83,1
29.718947,-95.059155,0.23,1
29.71897,-95.1793,43.0,3
29.71927,-95.1986,744.05,1
29.720014,-95.14234,60.0,1
29.72034,-95.10635,5.0,1
29.72056,-95.13222,1.97,1
29.724843,-95.884289,100.0,1
29.72536,-95.20334,695.01,6
29.726669,-90.592643,59.7,1
29.7268,-95.141,0.6,1
29.726944,-95.203333,0.8,2
29.72703,-95.1737,80.0,1
29.72941,-95.22026,0.12,1
29.72979,-95.22212,21.38,7
29.73069,-95.23189,3.0,1
29.73525,-95.02365,0.48,1
29.73667,-95.02522,0.89,1
29.74462,-95.20147,0.02,1
29.745503,-95.128159,0.5,1
29.74697,-95.12399,3.0,1
29.74734,-95.20455,522.0,1
29.747375,-95.130697,0.01,1
29.7474,-95.20457,38.0,1
29.747453,-95.127678,5.0,1
29.747625,-95.128797,0.5,1
29.74772,-95.13058,50.0,1
29.747769,-95.129993,0.0,1
29.74787,-95.0312,90.0,1
29.74789,-95.129407,1.0,1
29.747986,-95.129617,3.0,1
29.74799,-95.12934,0.2,1
29.74804,-95.127568,0.01,1
29.748058,-95.128737,2.0,1
29.748169,-95.130194,0.4,1
29.748201,-95.128672,4.0,1
29.74863,-95.20251,13.21,1
29.75023,-95.28087,3.0,1
29.75023,-95.20624,0.71,1
29.750786,-95.209372,0.23,1
29.75079,-95.20356,53.47,1
29.750895,-95.131758,0.6,1
29.752401,-95.207068,0.71,1
29.7525,-95.20551,1.0,1
29.758902,-95.143291,4.0,1
29.759006,-96.147803,1.0,1
29.760156,-96.148478,0.6000000000000001,2
29.7632,-96.14942,1.5,1
29.763813,-95.012758,86.0,1
29.763824,-95.012757,0.7,1
29.764311,-94.982056,0.25,1
29.765054,-95.0124,0.1,1
29.765783,-95.011627,0.2,1
29.76621,-95.012446,0.24,1
29.76673,-95.01269,1.0,1
29.766845,-95.012746,2.0,1
29.76713,-95.156254,0.48,1
29.7675,-95.012183,4.0,1
29.781516,-90.523835,0.89,1
29.787,-94.4015,0.5,1
29.78732,-94.40156,0.22,1
29.787397,-94.40137,0.48,2
29.79064,-95.2821,2.38,1
29.79114,-95.27918,0.2,1
29.79181,-95.28233,172.0,1
29.792012,-95.282365,0.7,1
29.79428,-95.28162,1855.0,1
29.79449,-95.28034,0.71,1
29.79477,-95.2821,0.47,1
29.79489,-95.28466,5.0,1
29.79545,-95.28304,4.0,1
29.79556,-95.27892,5.0,1
29.7961139,-90.0150778,0.1,1
29.79637,-95.27905,0.47,1
29.79733,-95.2787,10.0,1
29.79734,-95.27929,25.0,1
29.80955,-94.40048,0.33,1
29.816369,-95.18092,189.0,1
29.819151,-95.154632,20.0,1
29.81987246,-95.18024582,0.5,1
29.81987246,-95.15331796,3.59,2
29.821878,-94.811713,34.1,1
29.825329,-94.922859,0.02,1
29.8261,-94.86,0.3,1
29.8279,-94.9438,132.0,1
29.82961,-91.001564,1.0,1
29.841234,-94.892437,12.16,1
29.84136111,-95.07033333,2.0,1
29.8441496,-94.9113855,1.6,1
29.845934,-94.908022,30.8,2
29.84671,-94.9057,2.9,1
29.84692774,-91.65165833,0.6,1
29.847028,-94.897099,6.0,1
29.84722,-94.90222,0.16,1
29.847222,-94.902222,0.74,1
29.848528,-94.905557,288.5,1
29.84893,-94.895224,0.0,1
29.84904,-94.90535,0.0,1
29.84931,-94.89759,3.0,1
29.85325,-94.89837,23.0,1
29.8538,-93.95632,1.0,1
29.854022,-94.892908,13.0,1
29.854148,-94.916009,0.53,1
29.85635,-94.90781,662.0,1
29.856513,-94.892601,31.71,1
29.8567,-94.9945,2.1,1
29.85731,-94.895471,2.9,1
29.857514,-94.895203,4.4,1
29.857787,-94.898144,1.1,1
29.85836,-94.97929,0.48,1
29.858881,-93.956656,2.5,1
29.859222,-94.561908,0.1,1
29.86,-94.9017,0.1,1
29.862472,-94.905644,2005.0,1
29.86809,-93.95744,0.16,1
29.87283,-93.95767,23.0,1
29.87727,-93.95604,8.0,1
29.878747,-94.271826,24.0,1
29.878864,-93.986341,500.0,1
29.878953,-94.271735,0.28,1
29.885833,-95.410833,5.6,1
29.88604163,-93.99349166,0.12,1
29.887222,-95.374444,20.0,1
29.88794,-93.99386,0.2,1
29.88878,-94.84975,1.0,1
29.8916,-93.9897,0.6,1
29.893363,-93.9928,2.0,1
29.8964,-94.0054,3117.0,1
29.89936,-93.955483,0.24,1
29.9006722,-94.0055528,3.0,1
29.90083,-94.00556,0.1,1
29.90087416,-94.00565624,4.0,2
29.906433,-94.149808,250.0,1
29.90801,-94.01201,3.36,1
29.90848,-94.01228,86.8,2
29.90949,-94.26191,4.1,1
29.91122222,-94.00944444,0.2,1
29.91125,-94.010521,0.2,1
29.911449,-94.009073,0.2,1
29.911491,-94.008985,5.0,1
29.9115,-94.093194,2.0,1
29.91156,-94.00983,0.24,1
29.911676,-94.007095,3.0,1
29.912017,-94.008532,0.1,1
29.9121,-94.0067,3.0,1
29.91232,-94.01006,1.0,1
29.916355,-90.322616,0.1,1
29.920836,-94.020288,87.0,1
29.92317489,-97.1231789,400.0,1
29.926686,-94.698972,3.2,1
29.926983,-94.699149,4.79,1
29.935,-94.2833333,0.71,1
29.93538,-94.49051,0.3,1
29.94075,-89.9367,0.6,1
29.950028,-96.850184,3.0,1
29.95115,-93.5722,0.16,1
29.951987,-93.887925,1.3,1
29.952028,-93.887943,25.6,1
29.952065,-96.861438,3.0,1
29.952222,-96.861139,1.0,1
29.955034,-94.24222,5.0,1
29.95687,-90.71667,0.19,1
29.96887,-89.25292,2.0,1
29.970953,-93.938061,4.0,1
29.97101,-93.942296,364.0,1
29.974782,-94.056025,1.3,1
29.97496932,-94.0572917,0.37,1
29.974993,-94.05586,2.5,1
29.975,-94.056,3.57,1
29.97501,-94.05586,0.33,1
29.97504,-94.05633,0.83,1
29.97507,-94.05649,0.7,1
29.97523,-94.05578,0.3,1
29.97583,-94.05681,1.19,1
29.976335,-90.469736,0.02,1
29.9771376,-94.0563685,0.3,1
29.9774,-94.05766,1.0,1
29.977871,-94.811151,0.37,1
29.978557,-93.936008,2.38,1
29.9807,-94.06,0.36,1
29.98219,-94.06028,1.24,2
29.98266,-94.06191,11739.0,1
29.98722,-94.07171,43182.4,1
29.9877906,-94.0637716,45.16,1
29.99103,-93.989175,0.38,1
29.991106,-93.993675,1.0,1
29.9912,-93.990804,0.26,1
29.991266,-93.987165,0.59,1
29.991413,-93.987564,2.97,1
29.994064,-93.986846,2.82,1
29.9944083,-90.386475,0.6,1
29.99447,-93.99172,0.71,1
29.9948,-93.9853,31.0,1
29.99604,-94.074072,798.0,1
29.99763,-94.07668,15.0,1
29.997663,-94.076706,250.0,1
30.0016,-90.8521,161.0,1
30.0038889,-90.8547222,2.0,1
30.0039,-90.8566,123.0,1
30.00458,-90.85357,0.52,1
30.004722,-94.057583,10.0,1
30.0058083,-90.8609222,2.0,1
30.006233,-90.857162,0.71,1
30.0064,-90.4013,0.6,1
30.0065888,-90.4014277,0.48,1
30.006667,-90.856111,2.0,1
30.008867,-94.054261,2.0,2
30.008992,-90.854975,10.0,1
30.0095,-94.0594,21.0,1
30.010536,-90.861846,5.5,1
30.010784,-94.058079,0.1,1
30.010811,-94.056361,0.01,1
30.011111,-90.838889,0.5,1
30.0113,-94.057133,100.0,1
30.01172,-94.4075,0.5,1
30.01173,-94.40758,0.25,1
30.01177,-90.857704,84.9,3
30.0119001,-90.8508001,125.0,1
30.0124001,-90.4019001,10.7,1
30.013719,-94.053796,5.2,1
30.01372,-94.055864,0.1,1
30.0142962,-91.1162737,16.91,1
30.015334,-94.221792,0.1,1
30.01612,-90.865628,0.45,1
30.0166509,-90.844778,5.8,1
30.016667,-94.052778,0.14,1
30.016724,-90.853104,0.0,1
30.02448,-94.79471,0.5,1
30.0250818,-90.8409226,0.9,1
30.02609,-90.85108,0.6,1
30.02767,-94.5044,37.5,1
30.030029,-94.041199,1.4,1
30.03188,-94.06856,20.0,1
30.034033,-96.435533,0.35,1
30.042343,-96.914558,2.3,1
30.04236,-96.91462,0.47,1
30.042394,-94.025905,0.1,1
30.049461,-94.069686,4.25,1
30.05006,-94.07014,2.11,1
30.05012,-93.7743,0.25,1
30.0503,-93.721048,6.0,1
30.055571,-91.062652,18.7,1
30.056,-91.1357,3.76,1
30.056628,-91.13616,47.62,1
30.05777,-94.97769,3.0,1
30.060572,-93.5581,17825.0,1
30.06066,-93.55077,1030.0,1
30.066112,-93.820278,0.4,2
30.07313,-94.78327,0.36,1
30.07415,-94.41013,5.0,1
30.0751806,-94.064083,4.5,1
30.0795,-92.7465,5.0,1
30.08493,-94.44736,1.0,1
30.08533,-94.3805,0.24,1
30.08566,-94.026683,0.14,1
30.087494,-89.928927,0.0,1
30.0889,-94.6507,2.0,1
30.0889,-94.6502,0.12,1
30.10556,-92.88889,1.0,1
30.11356,-92.254,1.0,1
30.11472,-94.64583,0.38,1
30.1150416,-90.9009944,0.95,1
30.124278,-90.768367,0.24,1
30.1291,-94.63106,0.54,1
30.13945,-94.604717,1.2,1
30.14044,-94.39876,3.0,1
30.1408,-94.3989,5.0,1
30.14105,-94.39892,0.5,1
30.145154,-94.405099,788.0,2
30.1457,-94.4076,0.36,1
30.145766,-94.404044,1074.0,2
30.1458,-94.4014,0.3,1
30.1479,-94.4001,2.0,1
30.155076,-91.563535,5.0,1
30.15683,-90.853719,50.0,1
30.1571,-93.0463,15.67,1
30.15735228,-93.04560277,5254.0,1
30.158686,-93.339919,0.5,1
30.15957,-93.33989,0.6,1
30.16,-92.55346,2535.0,1
30.160197,-93.030086,0.59,1
30.16414,-94.43055,3.0,1
30.16485,-93.35127,85.0,1
30.164856,-93.35175,0.05,1
30.16801,-93.34001,7.88,1
30.16954,-93.33639,1.74,1
30.16968,-93.33548,0.36,1
30.170532,-93.339358,0.9,1
30.1724,-90.782,3.49,1
30.17253,-90.78807,56.0,1
30.17319,-90.78774,0.31,1
30.18148,-94.42918,15.0,1
30.18156,-90.9603,0.2,1
30.1824,-93.3524,2.0,1
30.18348,-93.3292,2.9,1
30.19071,-91.18293,1.31,1
30.19156,-95.35386,0.1,1
30.20382,-97.87389,7.6,1
30.2298122,-100.646116,20.0,1
30.2304266,-91.03874,509.0,1
30.239269,-93.290375,0.95,1
30.239319,-93.268658,0.83,1
30.239547,-93.277717,3.0,1
30.241,-93.27546,0.24,1
30.25989,-93.20991,2262.0,1
30.26630836,-95.35229159,14.0,1
30.26632292,-95.35229277,960.0,1
30.26667,-93.38114,4950.0,1
30.28649,-94.50634,0.5,1
30.2867,-94.5058,2.5,1
30.294432,-94.111877,15.0,1
30.30467,-92.82545,2.12,1
30.30867,-93.01369,0.2,1
30.314425,-95.016202,0.16,1
30.315859,-97.012587,36.4,1
30.318509,-91.2576912,0.7,1
30.32637,-93.35268,26.5,1
30.332597,-91.274491,580.0,1
30.354517,-92.709983,505.23,1
30.355333,-92.708299,500.23,1
30.383529,-95.724109,26.75,1
30.386817,-91.507267,18.61,1
30.3892333,-93.985233,12.0,1
30.390281,88.173136,4.64,1
30.4342,-92.9503,70191.29,1
30.43779,-95.62383,0.83,1
30.4446,-92.29089,0.24,1
30.44471,-92.29098,0.24,1
30.452391,-93.464003,12.0,1
30.45372,-94.97393,3.4000000000000004,1
30.47386943,-91.04321944,1.0,1
30.47832,-91.21973,20.0,1
30.479042,-91.202633,0.3,1
30.483056,-91.20275,0.18,1
30.484345,-91.203808,0.14,1
30.492551,-91.187577,0.23,1
30.496161,-91.560667,382.0,1
30.50214,-100.58349,26.42,1
30.5187,-91.4012,4.3,1
30.528648,-91.746802,3.3,1
30.528877,-91.746807,0.45,1
30.542863,-91.191888,130.0,1
30.54601111,-91.16789167,5.0,1
30.5471,-91.1703,0.28,1
30.54741,-90.16677,9.68,4
30.54774,-91.16217,0.79,1
30.54775,-91.169104,1.02,1
30.548063,-91.193891,0.4,1
30.549182,-91.164132,0.69,1
30.554483,-91.457458,2880.0,1
30.5572,-95.5842,100.0,1
30.566736,-97.621066,22.1,1
30.592658,-96.100507,6.4,1
30.61829,-94.97073,0.24,1
30.61843,-94.96992,10.0,1
30.6337,-94.21708,180.0,1
30.6688,-94.527,0.24,1
30.671323,-95.988297,0.01,1
30.684,-101.27111,694.0,1
30.70863,-91.27566,13.0,1
30.71051,-91.28333,0.3,1
30.71105,-91.28417,2.86,1
30.71116,-91.28204,0.7,1
30.71121,-91.28349,1.35,1
30.711259,-91.282986,0.13,1
30.71133,-91.28204,5.0,2
30.71133,-91.27589,0.79,1
30.71263,-91.28181,3.42,1
30.713929,-91.275048,80.30000000000001,5
30.718259,-91.278117,2.4,1
30.72194,-96.05064,0.71,1
30.737681,-95.340804,16.3,1
30.75774,-93.7767,0.02,1
30.77929,-96.06167,6911.0,1
30.78251,-90.75851,6.76,1
30.7932,-88.2085,4.0,1
30.793919,-88.204914,8.0,1
30.796962,-91.919893,3.06,1
30.79796,-96.27369,2.0,1
30.80147,-96.28436,0.12,1
30.81167,-94.76787,75.0,1
30.83705,-95.17334,7.0,1
30.83709,-95.17331,12.0,1
30.84377614,-95.49514204,90.86,4
30.8568,-96.45806,4.5,1
30.878502,-96.542335,20.0,1
30.909265,-90.871663,2.65,1
30.90931,-90.87143,1.1,1
30.90944,-90.87166,0.36,1
30.92696,-94.55099,7.0,1
30.92773,-94.54854,3.0,1
30.92979,-90.82982,2853.5,1
30.93182,-94.53129,550.0,1
30.94037,-94.40322,0.14,1
30.94062,-94.40307,10.0,1
30.942414,-101.357894,8.0,1
30.958681,-87.179142,11.0,1
31.01183,-102.01582,10.0,1
31.06576,-103.17361,299.0,1
31.1158,-102.2931,2097.8,2
31.12252,-97.19946,0.12,1
31.13193,-102.1906,123.0,1
31.13244,-102.19101,4.0,1
31.13284,-101.18974,9.0,1
31.13488,-102.188698,5.0,1
31.13575,-102.18757,10.0,1
31.136282,-102.189062,2.0,1
31.13665,-102.19186,1.0,1
31.136868,-102.192539,300.0,1
31.136905,-102.19236,15.0,1
31.137224,-102.19236,2.0,1
31.13735,-102.19177,5.0,1
31.15279,-97.37467,70.0,1
31.155589,-95.807206,0.02,1
31.15885,-94.67583,0.6,1
31.15903,-94.67588,1.0,1
31.1591,-94.6759,15.0,1
31.15918,-94.6758,60.0,1
31.1611,-94.6751,5.5,2
31.166,-90.7764,0.1,1
31.169097,-90.775614,14.0,1
31.19309,-102.98994,217.0,1
31.1931,-102.9898,27.0,1
31.215,-97.4765,5.0,1
31.219899,-103.333574,11.5,1
31.36115,-101.51412,30.0,1
31.362222,-101.7825,10.0,1
31.41808,-87.40189,1.0,1
31.42565,-102.32753,3.0,1
31.427166,-102.37033,0.24,1
31.42962,-102.380665,9.0,1
31.43275,-102.438656,2.5,1
31.432815,-102.43871,1.5,1
31.43284,-102.43828,3.0,1
31.434268,-102.440189,4.5,1
31.434858,-102.675917,1.0,1
31.436508,-94.759262,3.0,1
31.4396,-98.14535,2.0,1
31.47285,-102.89311,26.0,1
31.49797,-104.14246,1.0,1
31.504092,-93.416858,4.0,1
31.50653,-95.44006,4.8,1
31.50897,-104.35466,0.5,1
31.525701,-91.768142,10.0,1
31.52811,-103.56208,3.0,1
31.531786,-96.185508,1.5,1
31.54706,-97.03784,50.0,2
31.54937,-101.363,2.0,1
31.553051,-104.11549,473.0,1
31.55556,-90.3954,1.0,1
31.58929,-95.47697,2.2,1
31.6256,-98.8071,3.0,1
31.62733,-89.54218,14.6,1
31.63251,-89.52266,0.71,1
31.63511,-89.519143,1.05,1
31.635562,-89.517286,1.07,1
31.636831,-89.523521,17.85,1
31.647774,-89.528868,45.0,1
31.648653,-90.594702,80.5,2
31.64875,-89.51924,1.6,1
31.651352,-101.757395,4.2,1
31.651389,-101.757222,6.3,1
31.655975,-102.24834,10.0,1
31.65608,-94.84362,0.5,1
31.656494,-102.24815,4.0,1
31.66159,-102.20698,10.0,1
31.6777,-103.7683,10.0,1
31.68154,-102.07528,2880.0,1
31.70798,-105.40839,1.5,1
31.718902,-102.21213,104.5,2
31.7316,-102.988,90.5,1
31.76285,-102.34579,10.0,1
31.76762,-103.17699,14.0,1
31.76885,-103.17565,1.09,1
31.769437,-103.177333,222.0,1
31.76976,-103.1764,1.75,1
31.771673,-103.178171,4.0,1
31.77339,-96.40109,0.1,1
31.77393,-96.40047,13.0,1
31.7765,-96.3957,0.24,1
31.77654,-96.3958,0.48,1
31.776632,-96.39607,0.1,1
31.7767,-98.39635,70.0,1
31.7768,-96.3957,1.0,1
31.77691,-96.39599,3301.0,2
31.78341,-103.46442,3283.0,2
31.784903,-102.17472,1.0,1
31.78542,-102.55676,1.55,1
31.788398,-89.332383,0.5,1
31.790487,-103.132559,1.5,1
31.79133,-103.1334,275.0,1
31.7918,-103.13161,15.0,1
31.79747,-94.14222,0.24,1
31.79952,-103.80908,2582.0,1
31.80071,-103.79157,0.12,1
31.80148,-103.79509,17.0,1
31.8015,-103.79673,17.1,1
31.8029,-103.81378,0.69,2
31.8063,-103.81461,4.0,1
31.81685,-106.20994,6.0,1
31.81845,-102.33304,0.5,1
31.819742,-88.903921,4.0,1
31.8198,-88.9038,4.0,1
31.820486,-106.210326,0.02,1
31.821045,-106.209621,0.03,1
31.821442,-94.469056,100.0,1
31.83244,-104.24799,81.4,1
31.84825,-96.53672,1.0,1
31.852417,-104.557182,0.29,1
31.8526,-104.5573,1.5,1
31.85330114,-104.53896522,173.0,1
31.85557,-102.67191,5.0,1
31.870006,-89.678549,330.0,1
31.8768505,-102.4564661,0.5,1
31.88918,-96.63953,30.0,1
31.89631,-102.56548,80.0,1
31.899645,-102.638756,35.2,2
31.899768,-102.638984,0.2,1
31.91401,-100.86996,60.0,1
31.925091,-104.01825,443.0,1
31.93103,-89.51142,30699.1,1
31.931914,-102.580805,8.5,1
31.93856,-102.22691,4153.0,1
31.944422,-101.922341,3.0,1
31.948696,-102.602889,0.5,1
31.95023,-102.604223,0.22,1
31.950527,-102.603994,0.44,1
31.9525,-101.826667,24.0,1
31.9587,-100.54374,117.0,1
31.960602,-102.617793,73.0,1
31.96551,-89.24499,122.0,1
31.968284,-102.07291,890.0,1
31.97435,-89.58269,0.36,1
31.9810444,-97.2807222,649.0,1
31.98743,-102.63968,4618.0,1
32.000452,-102.26999,35.0,1
32.004805,-102.005505,6.0,1
32.0079,-102.2379,0.4,1
32.00836,-102.0054,130.0,3
32.008424,-102.013542,300.0,1
32.010188,-102.3365,1.0,1
32.011423,-102.012891,500.0,1
32.01202,-102.01668,85.0,1
32.0126,-102.02798,2.0,1
32.01425,-102.00725,20.0,1
32.01426,-102.02737,3.0,1
32.01435,-102.01776,3.0,1
32.01493,-102.02951,80.0,1
32.016023,-102.015705,0.8,1
32.017047,-102.026175,2.0,1
32.017924,-102.026822,150.0,1
32.01798,-102.026495,4.0,1
32.018203,-102.025425,1.0,1
32.01921,-102.013363,1.0,1
32.019332,-102.016355,0.1,1
32.019351,-102.01641,4.0,1
32.02031,-102.01803,25.0,1
32.020434,-102.014998,0.1,1
32.02064,-102.01648,1.5,1
32.021211,-102.012516,45.0,1
32.021534,-102.046952,60.0,1
32.021937,-102.016177,100.0,1
32.023108,-102.012261,200.0,1
32.02343,-102.01767,1.0,1
32.02363,-102.012028,3.2,2
32.02363,-102.01169,400.0,1
32.023877,-102.017721,10.0,1
32.02424,-102.013347,7.3,3
32.02821,-89.10162,9.409999999999998,2
32.02879,-89.10231,1.75,2
32.04704,-94.10641,400.0,1
32.062707,-103.881937,50.0,1
32.063649,-104.1339,100.0,1
32.06374,-97.81895,0.71,1
32.06417,96.86614,2.0,1
32.06432,-96.86338,40.0,1
32.06456,-96.86533,0.5,1
32.06704,-96.4719,4.71,2
32.06784,-96.47049,0.37,1
32.06839,-96.47081,104.0,3
32.06839,-96.4708,0.36,1
32.06854,-96.47929,0.36,1
32.06899,-96.47586,50.0,1
32.07056,-96.4742,4.0,1
32.07073,-96.47442,195.0,1
32.0711,-96.47409,979.0,7
32.07175,-96.47357,1.3599999999999999,2
32.07254,-101.856855,49.0,1
32.07267,-98.46948,0.12,1
32.0729,-96.4767,10.12,2
32.072932,-96.467214,0.75,1
32.0757,-103.67049,190.0,1
32.079424,-103.178079,0.2,1
32.08014,-103.17604,4.0,1
32.080668,-103.178983,500.0,1
32.08076,-103.17807,10.0,1
32.080874,-103.176847,0.0,1
32.08145,-96.41445,1.0,1
32.081519,-103.180924,1.0,1
32.08164,-103.18105,35.0,1
32.081667,-103.1811111,15.0,1
32.08342,-96.4072,4.5,1
32.088227,-102.137422,1.5,1
32.088721,-102.137958,0.4,1
32.089083,-102.138981,1.5,1
32.090307,-101.8809,63.0,1
32.10503,-101.46052,2.8,1
32.1057904,-101.2216288,6700.0,1
32.108042,-96.94382,7830.0,1
32.113857,-101.255144,0.1,1
32.11457,-94.96274,4.0,1
32.1147,-94.9633,2.0,1
32.11581,-102.29321,0.37,1
32.15284,-97.37462,200.0,1
32.1532,-97.3751,2.0,1
32.15603,-102.16955,20.0,1
32.16315,-97.00595,2.9,1
32.18726,-94.25998,0.2,1
32.209977,-94.955487,0.5,1
32.210556,-101.978889,19.0,1
32.21265,-101.54602,40.0,1
32.22471,-101.4044,117.0,1
32.23587,-91.62582,1.5,1
32.251168,-101.305851,13241.0,1
32.26812,-101.40486,0.72,2
32.285819,-101.168947,0.07,1
32.28594,-94.500617,0.48,1
32.28877,-94.50289,5.0,1
32.28981,-95.38024,30.0,1
32.29488,-97.13418,0.23,1
32.3006,-102.54292,1.5,1
32.303575,-102.548583,560.0,1
32.3288,-102.8112,128.0,1
32.34464,-94.8804,1.0,1
32.359487,-105.337417,2491.0,1
32.36876,-99.65356,8.0,1
32.368825,-102.143282,0.75,1
32.38719,-99.71718,0.48,1
32.39482,-99.75808,1.0,1
32.40169,-97.593745,8.7,1
32.407275,-102.884611,20.33,1
32.412292,-99.875123,30.0,1
32.429722,-100.445277,0.02,1
32.43048,-100.05672,6.0,1
32.431944,-101.44,0.02,1
32.44166,-94.81077,20.0,1
32.45279,-100.35862,8600.0,1
32.46539,-103.57639,200.0,1
32.465709,-103.57379,1.0,1
32.47042,-102.46394,0.53,1
32.473589,-94.718594,500.0,1
32.47413,-94.7185,0.84,1
32.475,-101.663676,12.0,1
32.47599,-94.71869,650.0,1
32.47696,-102.633799,0.1,1
32.47831,-94.86801,6.0,1
32.47831,-94.868,1.0,1
32.4785,-94.8679,8.0,1
32.48128,-94.83778,2.0,1
32.4813,-102.8589,0.24,1
32.4813,-94.8373,0.12,1
32.481377,-94.83639,4.0,1
32.4819,-94.8351,1.0,1
32.48191,-94.83511,1.0,1
32.48248,-94.8391,1.0,1
32.48252,-94.84004,15.0,1
32.483,-94.8388,0.5,1
32.483217,-94.831033,0.48,1
32.48325,-94.83034,198.0,1
32.4836,-94.8305,3.0,1
32.49781,-98.63609,1.0,1
32.49783,-98.63633,0.12,1
32.49804,-98.63654,4.24,3
32.4982,-98.6362,0.5,1
32.49829,-98.63621,4.0,1
32.50059,-94.84779,15.0,1
32.5007778,-88.56550277,1.0,1
32.511567,-94.850293,40.0,1
32.51846,-94.84417,0.35,1
32.519797,-94.870959,0.48,1
32.524731,-103.18819,0.25,1
32.52582,-94.86381,0.6,1
32.52944,-100.83055,1.71,2
32.529914,-100.830396,700.0,1
32.53021,-100.83544,10.0,1
32.53024,-100.83563,12.0,1
32.53048,-100.83604,1.0,1
32.53091,-100.83715,4.0,1
32.53151,-100.85003,0.12,1
32.53193,-100.83051,3.0,1
32.53198,-100.83048,4.0,1
32.531983,-100.841964,0.5,1
32.532,-100.83054,1.0,1
32.532127,-100.842157,6.0,1
32.532145,-88.574787,190.76,1
32.53242,-100.82925,2.0,1
32.5327,-100.8309,1.48,2
32.53275,-100.82947,2.0,1
32.533014,-103.545923,250.0,1
32.533257,-100.844335,200.0,1
32.53403,-94.84332,1.5,1
32.5343,-97.0456,50.0,1
32.53707,-103.52274,2.0,1
32.5374,-100.8358,10.0,1
32.5375,-100.8377,0.36,1
32.540604,-95.701173,3.0,1
32.5409,-94.8693,40.0,1
32.54213,-103.17194,40.0,1
32.54426,-102.67448,10.0,1
32.54948,-98.71181,350.0,1
32.55991,-94.08086,115.0,1
32.56184,-98.350678,119.1,1
32.56273,-98.7191,25.0,1
32.56757,-100.96222,1.0,1
32.577172,-85.370262,6.91,1
32.599125,-100.76886,90.0,1
32.603333,-98.114722,10.0,1
32.6075,-98.1,6.2,1
32.61009,-94.22141,0.36,1
32.61094,-98.7683,15.0,1
32.611,-103.0763,2.0,1
32.61263,-101.0593,3992.0,1
32.63239,-99.80477,2.0,1
32.650231,-103.138898,8.0,1
32.650336,-103.139479,120.0,1
32.650552,-103.1392,3500.0,1
32.650565,-103.14003,3.0,1
32.650659,-103.139764,0.5,1
32.65151,-103.138489,1.5,1
32.652,-103.1393,2.0,1
32.652052,-103.13993,0.2,1
32.652787,-93.981854,4509.0,1
32.655,-103.1375,4.0,1
32.665279,-101.057856,4.2,1
32.70141,-98.84219,25.0,1
32.70276,-117.15622,65.0,1
32.70298,-92.54888,3.68,1
32.70464,-88.18612,1.5,1
32.71141,-99.81866,0.5,1
32.71949,-104.181559,1.43,1
32.7261111,-103.2997222,2.0,1
32.7478,-98.9129,2.0,1
32.75619,-102.71984,10.0,1
32.756261,-102.719861,32.0,1
32.75732,-102.90678,25.0,1
32.757835,-100.960956,23.0,1
32.75828,-100.96146,90.0,1
32.76118,-100.94666,475.0,1
32.772073,-96.323668,0.2,1
32.775858,-102.960055,1.2,1
32.775943,-102.959437,2.6,1
32.77597,-102.95923,25.0,1
32.77698,-102.95071,1.0,1
32.777568,-102.950783,1047.0,1
32.779328,-102.950633,12.3,1
32.78111,-88.04631,0.21,1
32.782062,-103.960134,20.0,1
32.782428,-103.960045,0.5,1
32.78448,-102.77773,0.38,1
32.794161,-101.019901,3.0,1
32.8076,-104.4469,15.0,1
32.813,-104.061182,20.0,1
32.81384,-100.93662,1694.0,1
32.83256,-95.48887,5.0,1
32.833,-90.845,10.0,1
32.842833,-90.905417,1.0,1
32.847106,-104.390717,10.35,2
32.84745,-104.38975,0.36,1
32.848,-104.39,1.0,1
32.86057,-100.93178,20.54,1
32.8618,-102.91921,3.0,1
32.862785,-102.920159,116.0,1
32.86467,-102.914893,800.0,1
32.874236,-103.3011341,2.5,1
32.874247,-103.300039,150.0,1
32.87476,-91.05339,82.24,3
32.87718,-91.05218,0.19,1
32.89621,-102.56563622,0.5,1
32.907579,-94.715498,0.1,1
32.933,-92.55922,0.12,1
32.9392,-97.2963,2.0,1
32.9491,-93.1679,1.0,1
32.960694,-102.617915,1.5,1
32.9689722,-102.769167,98.0,1
32.97035,-92.93675,400.0,1
32.97722,-87.65444,0.24,1
32.989666,-102.7692504,321.0,1
32.99344,-102.78992,50.0,1
32.99376,-102.790301,25.0,1
32.9942,-102.79009,0.48,1
33.007092,-102.97538,0.48,1
33.007445,-102.975571,0.13,1
33.03138,-102.82777,15.15,1
33.03138,-102.82027,3.88,1
33.034328,-96.202772,13.21,1
33.03568558,-96.20079871,1.0,2
33.05193,-103.9874,4.5,1
33.05365,-103.59627,4.0,1
33.057483,-98.67571,1.0,1
33.07358,-98.58654,3.0,1
33.098846,-102.768494,1850.0,1
33.138683,-98.122177,450.0,1
33.139575,-98.121511,0.5,1
33.139747,-98.1214,50.0,1
33.155227,-98.103002,2.0,1
33.17535,-102.23929,20.0,1
33.179721,-96.302081,14.6,1
33.20242,-92.65195,60.0,1
33.204379,-87.006137,4444.5,1
33.22053,-99.87124,0.36,1
33.22973,-96.06001,10.0,1
33.236374,-86.916634,7370.0,1
33.24043,-93.1468,5600.0,1
33.24455,-102.26934,0.12,1
33.247889,-98.792389,465.0,1
33.251978,-92.640564,31.2,1
33.25417,-92.61944,10.0,1
33.26013184,-92.63136292,0.23,1
33.28139,-86.75917,3.02,1
33.28207,-86.803177,2.67,1
33.28411,-86.80266,0.1,1
33.286639,-86.74691,919.0,1
33.287449,-86.83171,9.52,1
33.289744,-86.833862,9.6,1
33.29701,-97.956493,138.0,2
33.307077,-97.847271,12229.0,1
33.31354,-97.86774,20.0,1
33.31601,-96.19278,20.0,1
33.33278,-98.72257,1.0,1
33.34157,-97.6054,2.0,1
33.34219,-92.70125,20.0,1
33.347755,-98.726775,0.6,1
33.38649,-100.01332,26.0,1
33.404778,-102.751036,0.17,1
33.407,-102.448,1.0,1
33.40752,-102.44847,34.0,1
33.41305,-102.44337,10200.0,1
33.4166975,-98.74844135,0.5,1
33.4188,-99.3837,20.0,1
33.42163,-86.28629,0.2,1
33.424148,-98.750598,3.0,1
33.45494,-96.35925,42.0,1
33.45542,-84.40389,23.0,1
33.4604,-118.12035,4.0,1
33.4614,-118.12135,4.0,1
33.5124,-118.2036,4.1,1
33.5352,-118.0842,1.0,1
33.53866,-82.53516,3104.0,1
33.538716,-103.987485,0.1,1
33.54657,-96.36906,241.0,1
33.56399,-97.87105,60.0,1
33.569382,-98.716749,19.0,1
33.573889,-97.873056,1.0,1
33.58266,-96.64881,700.0,1
33.5890316,-102.4290155,1.0,1
33.59202,-96.38146,6719.0,1
33.59667,-81.95333,10.83,1
33.59872,-85.82542,69.0,1
33.598881,-85.825495,0.26,1
33.616375,-85.778931,0.24,1
33.619833,-82.127,33.0,1
33.655692,-98.624766,202.0,1
33.6594,-85.4649,14.29,1
33.6809,-81.8849,22.0,1
33.68092,-97.075241,1.0,1
33.6938,-118.0064056,20.0,1
33.698451,-85.13932,5.95,1
33.7161833,-84.9190558,41.0,1
33.719236,-96.889483,0.2,1
33.734846,-118.272297,15.12,2
33.735001,-118.27167,2.0,1
33.736385,-118.271949,1.3,1
33.756403,-118.205749,0.48,1
33.758661,-118.203322,2.98,1
33.76233,-118.10183,1.0,1
33.764,-118.228,0.5,1
33.764961,-118.209047,0.5,1
33.767016,-96.89285,1.5,1
33.769722,-118.208889,6.0,1
33.7697415,-118.2093535,16.0,1
33.771038,-118.225012,70.0,1
33.77596,-118.213997,30.0,1
33.77754,-118.210091,295.0,1
33.78114,-118.22177,0.6,1
33.787393,-102.520163,1.34,1
33.787864,-118.269456,39.0,1
33.795549,-98.651289,314.0,2
33.7963,-118.2347,17.0,1
33.7966,-118.2347,0.24,1
33.8000022,-118.233913,19.6,1
33.800211,-118.255721,186.0,1
33.80197,-118.23844,4.5,1
33.802717,-118.249779,2.0,1
33.80313,-118.252843,15.0,1
33.803335,-118.254678,225.0,1
33.804707,-118.222597,264.0,1
33.805501,-98.571215,1.0,1
33.806106,-118.158872,5.0,1
33.806255,-118.229308,130.0,1
33.806372,-98.562914,4.0,1
33.806917,-118.227056,989.0,1
33.80808,-98.54305,1.0,1
33.80933,-118.25413,1.0,1
33.811699,-118.180656,120.0,1
33.81583,-118.29701,35.0,1
33.826786,-98.638556,0.48,1
33.828281,-98.638347,160.0,1
33.83017,-96.445621,0.25,1
33.83299,-98.27806,928.5,1
33.83799,-98.27639,131.0,1
33.841119,-118.246558,45.0,1
33.84494,-118.232432,6.71,1
33.846624,-118.252704,1.0,1
33.84735,-118.31848,41.0,1
33.85545,-84.62936,0.6,1
33.855711,-84.629237,0.6,1
33.85596,-84.62949,1.38,1
33.85602,-84.62397,2.2,1
33.85623,-84.63053,22.6,1
33.85651,-84.62941,3.0,1
33.856638,-84.629407,65.98,1
33.857292,-84.629335,0.31,1
33.86206,-118.22369,3.0,1
33.863,-118.164425,3.0,1
33.863,-97.9533,150.0,1
33.8630556,-118.2166667,0.6,1
33.863186,-118.163396,0.24,1
33.86329,-97.95336,8.0,1
33.863326,-118.216752,173.0,1
33.863333,-118.163889,30.0,1
33.86343,-118.16467,2.38,1
33.86345,-97.953363,1.5,1
33.863481,-118.16312222,0.36,1
33.86357,-97.95564,0.5,1
33.86379,-97.95413,1.0,1
33.864289,-97.954067,1.5,1
33.86657,-117.838615,133.0,1
33.87367,-100.08678,2.0,1
33.885958,-92.352025,0.4,1
33.902032,-118.313486,20.0,1
33.90593,-118.42132,2.9,1
33.91269,-98.43935,3.0,1
33.91446,-98.48781,5.0,2
33.914572,-98.440369,20.0,1
33.91486,-98.43757,4.0,1
33.914949,-98.437029,4.0,1
33.91765556,-117.9154528,2.0,1
33.923171,-97.720683,2.0,1
33.923263,-97.720868,445.0,1
33.93594,-98.49067,0.7,1
33.936233,-98.496906,0.83,1
33.936514,-98.496967,29.4,1
33.936574,-98.496891,1.12,1
33.947489,-97.021931,760.0,1
33.949629,-118.370221,10.0,1
33.956,-117.884167,9.0,1
33.96455,-104.58069,70.0,1
33.97,-98.2215,1.0,1
33.970039,-97.334269,0.23,1
33.975062,-83.898977,13.71,1
33.97676,-83.9178,8.2,1
33.99271,-83.41999,14.0,1
34.001474,-98.812338,25.0,1
34.00551,-118.14477,0.6,1
34.044058,-118.441362,15.0,1
34.0522342,-118.2436849,0.5,1
34.0577675,-118.360143,0.12,1
34.058206,-117.763553,2.5,1
34.0599,-98.568937,5.0,1
34.059928,-117.366844,3.19,2
34.07083,-97.944108,12.0,1
34.091,-98.858,0.2,1
34.092292,-98.90449,1.0,1
34.093675,-83.233783,0.4,1
34.105033,-98.84851,0.41,1
34.12899,-96.46764,5.0,1
34.133131,-98.262922,1.7,1
34.146191,-118.272341,331.0,1
34.16078,-97.53915,0.23,1
34.183191,-117.365394,3.57,1
34.1897222,-97.3761111,0.48,1
34.2021,-97.49,0.2,1
34.206615,-98.58121,2.0,1
34.20969,-97.54401,35.0,1
34.216537,-97.28714,35.0,1
34.217554,-102.031489,4.0,1
34.23884,-97.492924,2.0,1
34.238914,-118.96542,24.0,1
34.2391,-97.5136,20.0,1
34.24278,-97.49972,17.0,2
34.244372,-97.948581,0.5,1
34.245072,-97.947953,3.0,1
34.263642,-119.042773,211.0,1
34.27734,-96.52176,6.529999999999999,1
34.283001,-119.25847,1075.0,1
34.31371,-99.28394,0.5,1
34.314349,-119.298397,500.0,1
34.32044,-100.24465,20.0,1
34.32184,-100.24492,20.0,1
34.333794,-98.06368,8.0,1
34.36098,-97.55678,25.0,1
34.37306,-97.51083,0.48,1
34.37332,-97.10367,78.0,1
34.394601,-97.418438,45.0,1
34.421537,-105.224281,1.2,1
34.43528,-97.98185,1.0,1
34.462434,-120.086714,2934.0,1
34.462837,-97.688497,0.24,1
34.472502,-97.66435,485.0,1
34.478859,-120.014772,0.26,1
34.481971,-82.60639,608.0,1
34.48407,-97.547686,30.0,1
34.521102,-96.623514,0.24000000000000002,1
34.5401306,-97.5401306,30.0,1
34.544428,-82.507594,8800.0,1
34.545017,-82.50691,0.0,1
34.55261,-82.48781,1.93,2
34.55306,-82.47944,0.2,1
34.5530703,-97.403032,115.0,1
34.553462,-82.48791,323.8,1
34.55747,-97.28468,5.0,1
34.55773,-97.37179,1.0,1
34.63366,-97.1581,5.0,1
34.6428,-118.7169,20.0,1
34.70203,-82.23533,1238.1,1
34.723949,-120.433842,18.0,1
34.751139,-84.780139,3.09,1
34.753426,-82.150528,62.9,1
34.76231,-97.44047,1250.0,1
34.816479,-97.442674,30.0,1
34.81979,-97.44566,1.0,1
34.82512,-97.18992,320.0,1
34.83433167,-120.45062247,0.7,1
34.84251,-99.13711,211.0,1
34.84676,-92.09123,13500.2,1
34.874565,-97.79908,1.0,1
34.87656,-97.79842,5.0,2
34.882052,-120.445707,0.91,1
34.89185,-97.4453,2.0,1
34.89285,-99.03776,400.0,1
34.9175,-81.87417,0.24,1
34.91801,-81.87401,1.29,1
34.92544,-81.87765,0.36,1
34.94194,-92.45555,0.48,1
34.94212,-98.16142,100.0,1
34.94418,-97.47736,3.53,1
34.96406,-92.42859,3190.0,1
34.972892,-120.444417,5.0,1
34.99659,-120.45123,72.0,1
34.998458,-106.023817,0.24,1
35.01673757,-81.68385896,0.21,1
35.01937,-119.06305,242.0,2
35.019374,-119.063134,600.0,1
35.019746,-119.06454,0.95,1
35.02529,-101.51128,0.35,1
35.04474,-119.19115,2.7,1
35.05097,-85.33488,85.7,1
35.054,-119.3169,0.36,1
35.059321,-119.064098,15.0,1
35.0614452,-119.0635177,4.93,1
35.063508,-119.064372,15.5,1
35.097214,-119.3917,0.71,1
35.097314,-119.391572,2.3,1
35.10335,-119.45596,16.5,1
35.119174,-119.378251,0.76,1
35.13221,-91.59935,250.0,1
35.134147,-91.242388,1.1,1
35.139732,-96.632111,225.0,1
35.1544444,-119.3388889,25.0,1
35.203837,-98.06593,286.0,1
35.22377,-96.44739,121.0,1
35.225037,-119.55979,0.48,1
35.2256,-119.562467,0.84,1
35.231666,-119.434622,10.0,1
35.23317,-97.60874,1.6,1
35.2482,-119.2748,0.48,1
35.26177777,-119.0744917,2.0,1
35.265278,-101.890833,38.5,3
35.276957,-116.021774,1.6,4
35.27901,-119.31192,2.0,1
35.28036,-119.42238,0.24,1
35.285,-101.541111,0.43,1
35.2858,-80.93179,0.29,1
35.296047,-119.160719,2.0,1
35.298901,-118.914063,5.0,1
35.31111,-97.00602,6.9,1
35.317952,-97.243049,1.7,1
35.32395,-119.650239,0.34,1
35.3275,-119.6575,3.0,1
35.347873,-98.091935,3.4,1
35.34866,-98.09101,2.08,1
35.3496,-119.654007,0.16,1
35.3599366,-119.6614872,0.24,1
35.383359,-119.742552,0.54,1
35.42148,-96.14583,3.0,1
35.431862,-119.68993,10.65,1
35.435057,-119.68223,0.24,1
35.435228,-119.682456,50.24,1
35.43959,-118.99174,0.24,1
35.439682,-118.99227,15.0,1
35.444988,-119.0425888,0.5,1
35.449592,-100.105372,0.85,1
35.46577,-97.44754,0.71,1
35.466951,-119.704428,12.7,1
35.4672,-119.704,9.29,1
35.467203,-119.703991,508.0,1
35.47321,-119.74096,100.0,1
35.48354,-80.7357,0.55,1
35.48374,-80.73542,23.1,1
35.483852,-80.735273,142.9,1
35.4855,-100.9402,0.5,1
35.500176,-119.811758,1.66,1
35.529177,-119.808998,0.14,1
35.5291888,-119.807777,440.0,1
35.5291888,-119.80777,238.0,1
35.5314135,-108.210311,682.0,1
35.534236,-98.097395,1772.0,1
35.535471,-101.442106,6.25,1
35.539578,-101.896958,0.5,1
35.55167,-78.3075,5.7,1
35.551979,-89.43181,0.5,1
35.55435,-97.10423,1.31,1
35.55441,-97.10413,79.0,1
35.56033,-96.44974,0.12,1
35.565292,-96.454956,1.0,1
35.56572,-96.44923,2.0,1
35.59243,-96.30796,38.5,1
35.597478,-97.247747,30.0,1
35.6376,-97.70893,0.84,1
35.646475,-119.955655,0.79,1
35.68463,-101.35898,0.71,1
35.684911,-101.359211,4.7,1
35.6905,-97.5925,47.0,1
35.69179,-97.59352,138.0,1
35.69559,-97.59628,7.0,1
35.7042,-97.4636,3299.0,1
35.719298,-101.353026,3.15,2
35.726944,-101.354167,410.0,1
35.73235,-107.747355,105.0,1
35.737564,-97.379338,5.0,1
35.7391,-96.15759,3.0,1
35.74395,-107.13165,0.7,1
35.76698,-84.36458,4.76,1
35.768817,-97.692603,2.0,1
35.7688889,-97.6930556,15.0,1
35.8377778,-96.5122222,25.0,1
35.84613,-97.62086,75.0,1
35.849254,-101.441487,0.35,1
35.85326,-103.30167,2530.0,1
35.86561,-98.41103,65.0,1
35.86572,-97.62111,0.02,1
35.87218,-98.38255,3.54,1
35.92536,-96.74162,0.71,1
35.92612,-96.7459,6.0,1
35.93019,-96.74132,85.0,1
35.9303,-96.7514,0.36,1
35.93198,-96.75406,2.0,1
35.93444,-96.752126,0.18,1
35.9361111,-96.7380556,1.0,1
35.936195,-96.748525,6.0,1
35.936355,-96.750348,0.5,1
35.936666,-96.745218,1.0,1
35.936677,-96.745218,0.5,1
35.93749,-96.74417,21.0,1
35.9375,-96.74833,9.0,1
35.93784934,-96.71795726,50.35,3
35.9382,-96.74755,5.0,1
35.938355,-96.740879,0.0,1
35.938719,-96.737218,1.0,1
35.939625,-96.747821,75.0,1
35.93964,-96.748064,600.0,1
35.93985,-96.75629,0.25,1
35.940151,-96.714602,3.0,1
35.940158,-96.747808,1.0,1
35.940183,-96.745663,0.2,1
35.940253,-96.747933,0.5,1
35.940287,-96.749203,7603.0,1
35.94066,-96.74784,2.25,1
35.94072,-96.74691,10.0,1
35.94085,-96.7502,140.0,1
35.94109,-96.74697,1.0,1
35.94155,-96.73679,4.0,1
35.94336,-96.75159,5.0,1
35.943703,-96.754623,0.17,1
35.94373,-96.76142,8.9,1
35.943731,-96.754603,3.0,1
35.94466,-96.75427,53.0,1
35.944728,-96.764824,0.83,1
35.94498,-96.74822,1.0,1
35.945098,-96.760237,0.24,1
35.945288,-96.750877,361.0,1
35.94595,-96.75007,6.0,1
35.94595,-96.74872,100.0,1
35.94596,-96.76296,152.0,1
35.94603,-96.74797,1.0,1
35.94607,-96.74874,4.23,2
35.946697,-96.748707,1.0,1
35.94745,-96.74214,1.0,1
35.94754,-96.74449,0.47,1
35.947714,-96.754536,0.5,1
35.94805,-96.74979,0.6,1
35.948453,-96.762003,0.2,1
35.950352,-96.7594,1.5,1
35.951482,-96.759629,25.0,1
35.951559,-96.75914,32.0,1
35.95201,-96.759592,1000.0,1
35.952194,-96.759486,3.0,1
35.953247,-96.758858,600.0,1
35.953482,-96.759374,19.0,1
35.95778,-96.74944,4.11,2
35.95837,-96.754056,2.6,1
35.9585,-96.75978,0.48,1
35.95885,-96.75655,2260.1,6
35.95886,-96.75335,1.0,1
35.95902,-96.75327,0.29,1
35.96143,-96.71889,0.47,1
35.964394,-101.881696,0.88,1
35.96576,-103.18311,20803.0,1
35.96788,-90.85025,4.0,1
35.96953,-96.01372,5.0,1
35.96984,-96.01389,30.0,1
35.97916323,-96.00824525,8.5,4
35.97974,-96.00985,0.1,1
35.982628,-96.764171,2.0,1
35.983,-101.409,3694.0,1
35.986205,-96.745943,8.0,1
35.9863,-96.7465,7.0,1
35.989585,-96.5786369,22.0,1
36.00758,-96.75135,1.5,1
36.00943,-96.55946,1.0,1
36.01167,-96.45009,1.0,1
36.011954,-96.74166,0.5,1
36.0146585,-96.755643,0.2,1
36.01526,-96.75729,3.5,1
36.01663,-96.7549,85.0,1
36.0191,-96.7569,2.0,1
36.029589,-97.747511,0.24,1
36.03385,-87.94387,3.0,2
36.03403,-87.94348,0.67,1
36.04031,-97.91048,15.0,1
36.06382,-96.60748,80.0,2
36.06684,-79.93512,11.0,1
36.06889,-78.06611,3.3,1
36.07076,-79.93915,147.78,3
36.07101,-79.93669,8.9,1
36.07123064,-79.93686505,35.1,2
36.07129,-79.93687,3.69,1
36.0724,-79.94037,0.45,1
36.086068,-101.046424,2204.0,1
36.12128,-95.99397,0.24,1
36.13064,-96.02448,11.0,1
36.13137,-96.02489,1.0,1
36.13158,-96.0317,0.35,1
36.13218,-96.0299,50.0,1
36.13252,-96.02906,0.12,1
36.1326083,-96.029061,0.19,1
36.135178,-95.63705,0.27,1
36.13715,-96.02014,25.0,1
36.13824,-96.02963,0.12,1
36.162774,-97.113141,20.0,1
36.17115,-97.432256,0.6,1
36.18085,-86.82914,4.5,1
36.18977222,-120.3564278,0.69,1
36.18992091,-120.35680577,0.02,1
36.20138,-99.89379,1.05,1
36.202923,-100.920509,1514.0,1
36.221931,-97.747128,1.0,1
36.232606,-107.54596,24.0,1
36.253344,-115.045311,5.75,1
36.274497,-100.812197,35.0,1
36.29392,-96.20295,5.0,1
36.33746,-97.51306,4.6,1
36.346272,-96.38565,491.0,1
36.38298,-97.49642,1.43,1
36.38322,-97.60424,4.2,1
36.39836,-96.74622,450.0,1
36.413056,-99.193611,360.0,1
36.41801,-97.81118,13.0,1
36.41936,-97.84852,0.48,1
36.4302,-97.45631,7.0,1
36.4309,-107.062,15.0,1
36.472798,-102.268817,7.05,2
36.4740589,-100.5947114,949.0,1
36.487768,-108.129948,62.0,1
36.48794,-108.16955,5.0,1
36.48798,-108.1301,1.0,1
36.49701,-107.74874,20.6,1
36.54755,-97.20423,3.0,1
36.54928,-97.33609,632.0,1
36.55711482,-97.29606047,0.36,1
36.56083,-14.35583,4.76,1
36.57243,-90.87867,1.3,1
36.5746,-90.1886,0.98,1
36.58261,-98.30137,176.0,1
36.605085,-100.446363,986.0,1
36.6093,-98.51248,321.5,1
36.632156,-97.125787,250.0,1
36.64234919,-94.9731575,202.94,4
36.649239,-97.161522,200.0,1
36.6659,-97.8846,13718.0,1
36.67346274,-97.19300732,125.0,1
36.715463,-108.496528,100.0,1
36.735435,-102.460064,20.0,1
36.765308,-100.591781,950.1,1
36.773611,-97.756389,52.0,1
36.773902,-97.757636,53.79,1
36.77414,-97.75689,4.0,1
36.774166,-97.756715,7.2,1
36.774347,-97.756557,4.4,1
36.77451,-97.75519,30.1,1
36.775556,-97.755756,5.6,1
36.77616,-97.24686,160.0,1
36.7889,-100.6198,643.8,1
36.79693,-96.663049,1181.0,1
36.800991,-96.642259,1061.0,1
36.8053,-101.2876,17.0,1
36.81045,-97.8319,0.2,1
36.810495,-97.831946,0.71,1
36.827669,-96.475662,1037.5,1
36.8480438,-96.35539,6716.0,1
36.892543,-97.759315,50.0,1
36.9006,-100.39243,37.14,1
36.905274,-108.800237,3.0,1
36.927591,-96.052414,535.0,1
36.93117,-95.90781,199.0,1
36.947219,-100.293152,214.5,1
37.027049,-95.89245,95.0,1
37.04441,-97.01768,0.5,1
37.045196,-101.854915,158.4,1
37.052386,-95.611575,0.6,1
37.0525,-95.61183,1.48,1
37.05253,-95.61166,27.0,1
37.052548,-95.612086,100.0,1
37.05446,-96.18822,100.0,1
37.057847,-98.965883,25.6,1
37.058121,-95.634147,407.0,1
37.061114,-95.576738,0.24,1
37.070361,-89.63841,1.0,1
37.08136,-97.85246,15.6,1
37.08414,-101.32146,2.0,1
37.08543,-97.3445,40.0,1
37.10847,-100.80037,2.99,1
37.12022,-99.98155,0.02,1
37.12897,-97.051558,0.15,1
37.139844,-100.569479,20.7,1
37.14269,-107.78608,0.6,1
37.15778,-78.835,1.2,1
37.1647,-97.87432,16.66,1
37.188347,-93.783194,53.3,1
37.202167,-76.605211,2.1,2
37.205338,-76.461278,20.0,1
37.21353203,-93.94540266,10.71,1
37.226483,-89.481844,1.9,1
37.321081,-96.843305,5.0,1
37.355914,-98.206945,15.0,1
37.35595,-98.20689,35.0,1
37.357891,-97.757054,0.36,1
37.3612,-97.0539,0.24,1
37.414383,-99.320819,2.0,1
37.4175,-100.7953,0.59,2
37.44967,-77.63277,1.8,1
37.462217,-86.225891,1.0,1
37.46699,-86.22466,20.0,1
37.471,-108.7912,3756.0,1
37.495186,-96.813234,0.1,1
37.50301661,-93.27968075,0.62,1
37.51111,-77.42333,8.62,1
37.579665,-97.085468,0.36,1
37.586723,-77.61972897,12.05,1
37.6159,-99.1263,0.38,1
37.6159,-99.1262,14.7,1
37.64292,-98.84963,37.5,1
37.643839,-88.878198,0.28,1
37.644112,-88.877277,0.83,1
37.64416,-88.87876,88.1,1
37.66168,-78.23911,0.45,1
37.66279,-78.2375,0.45,1
37.6633,-78.2375,0.28,1
37.66330708,-78.23750439,0.12,1
37.66399,-78.239171,0.48,1
37.67502,-98.44337,0.83,1
37.6754,-98.44498,0.1,1
37.679044,-98.439387,4.0,1
37.680384,-98.428468,253.0,2
37.68779,-98.40713,0.5,1
37.69212,-122.3997,0.86,1
37.721661,-121.54831,7.86,1
37.721901,-97.147138,5.69,1
37.72575,-121.55485,900.0,1
37.72926,-121.55971,500.0,1
37.742029,-99.217775,3415.0,1
37.745816,-88.689864,0.1,1
37.75134722,-121.5874583,2.0,1
37.75877757,-92.67267003,0.2,1
37.761233,-97.307172,0.48,1
37.761305,-97.307781,0.71,1
37.7766173,-87.073657,7.1,2
37.78947,-96.90093,35.0,1
37.78977,-96.90047,0.48,1
37.79167,-95.42361,0.12,1
37.79193,-96.88026,64.0,1
37.795178,-121.672381,56.0,1
37.7958,-96.72309,60.0,1
37.800717,-96.88095,10.0,1
37.80218,-96.90935,3.0,1
37.80225,-96.87537,0.2,1
37.80249,-96.91695,1.0,1
37.803255,-96.873398,1.2,1
37.80348,-96.5137,100.0,1
37.80389,-96.51428,142.0,1
37.8041,-96.8716,1861.0,1
37.8048,-96.91755,26.0,1
37.80556,-96.915,0.24,1
37.81654,-97.02048,1376.0,1
37.817,-121.587,0.24,1
37.817162,-97.367437,6.0,1
37.81841,-97.37093,0.12,1
37.84074,-98.41963,2.0,1
37.84552,-97.08663,20.0,1
37.86364,-85.71544,40.0,1
37.8681,-98.02141,2.05,1
37.8875,-97.90877,20.0,1
37.89533,-97.88435,95.0,1
37.91083,-92.37944,1.43,1
37.93455,-95.243912,304.0,1
37.940135,-122.376323,58.9,1
37.94181,-87.90508,0.6,1
37.94261,-87.91559,2.4,1
37.944408,-121.558461,38.0,1
37.963297,-121.948261,45.0,1
37.9702,-97.0122,0.47,1
37.972548,-103.484322,0.08,1
37.976654,-122.322127,2.13,1
38.003663,-122.056224,21.330000000000002,4
38.004227,-122.055465,2.19,1
38.008562,-103.499971,91.1,1
38.0251564,-122.1292343,0.95,1
38.025394,-122.129423,13.0,1
38.04121,-97.40789,12.0,1
38.045747,-122.244843,37.0,1
38.061436,-122.134392,22.0,1
38.066978,-122.133742,5.0,1
38.08131,-97.85245,0.36,1
38.090565,-77.446096,0.86,1
38.09072,-77.44581,0.36,1
38.09347,-98.58167,1.0,1
38.093693,-98.682561,4.0,1
38.09496,-98.58163,99.0,1
38.09973,-98.57896,15.0,1
38.1019,-98.856419,0.12,1
38.1021533,-99.00453106,3.0,1
38.12745,-96.191081,0.24,1
38.13059,-99.7153,40.0,1
38.1337,-85.5012,14.0,2
38.17264002,-85.84931981,160.0,1
38.19639,-94.81861,2.0,1
38.205021,-85.84991,0.3,1
38.215783,-103.562679,0.01,1
38.264304,-89.02108,0.6,1
38.264829,-91.503997,4.48,1
38.26485,-97.8667,2.85,1
38.27373,-87.85166,854.0,1
38.274267,-77.458875,0.0,1
38.28366,-87.94086,51.5,1
38.28588,-95.00712,10.0,1
38.32113,-87.34782,3.0,2
38.332983,-98.184795,2.0,1
38.3362,-97.67782,0.9,1
38.338614,-97.676694,7.3,1
38.339275,-97.676786,2.0,1
38.339543,-97.676782,110.0,1
38.340005,-98.311832,72.0,1
38.34021,-98.31168,3.7,1
38.34024,-98.31176,0.9,1
38.34044,-97.83677,31.42,1
38.341141,-97.669735,0.24,1
38.34136,-97.66619,0.48,1
38.344339,-97.674046,0.48,2
38.34519,-98.31356,2.0,1
38.352573,-91.323912,656.77,1
38.35257318,-91.32391233,0.71,1
38.36098,-96.27164,20.0,1
38.36818,-98.69124,0.71,1
38.3693,-97.83197,0.95,1
38.37239,-97.80143,0.95,1
38.37783053,-97.83460727,140.0,1
38.377992,-82.605496,0.48,1
38.38052,-97.83095,0.17,1
38.38154,-97.83127,6.5,1
38.38166,-97.819444,9.0,1
38.47623,-97.72254,2.0,1
38.501433,-90.298736,0.4,1
38.501817,-90.589072,0.5,1
38.50252,-94.86919,0.6,1
38.55560816,-77.70980577,1.5,1
38.569474,-121.522658,0.22,1
38.581933,-90.188644,0.19,1
38.58556,-94.22335,0.24,1
38.585632,-90.178975,0.24,1
38.5997,-121.4483,48.0,1
38.6092,-100.048101,0.38,1
38.617704,-94.498427,0.71,1
38.622839,-93.225229,747.33,1
38.62313,-98.533921,1.2,1
38.623253,-98.533735,1.6,1
38.63064,-93.39656,0.24,1
38.66916,-104.70138,0.16,1
38.6707,-97.78123,21.1,1
38.680985,-90.183432,10.05,1
38.72582,-99.73018,1.0,1
38.73302,-77.19229,0.79,1
38.776587,-89.084633,0.26,1
38.77706,-89.08485,0.59,1
38.780153,-121.246941,0.83,1
38.780525,-121.246797,0.94,1
38.78564,-89.08396,0.9,1
38.78777,-89.083319,0.2,1
38.78778,-89.08389,0.17,1
38.789242,-89.065026,5.0,1
38.7893921,-89.06510432,0.1,1
38.79106,-89.08415,1.6,1
38.7919,-99.6332,391.8,1
38.792059,-89.079739,0.15,1
38.792939,-89.085639,646.8,2
38.793803,-89.082089,4.0,1
38.81386,-99.42139,5.0,1
38.814911,-99.566148,142.5,1
38.82204,-90.07892,200.0,2
38.82204498,-90.07891101,11.28,2
38.82684,-77.435574,95.24,1
38.827249,-90.086211,0.1,1
38.828047,-90.085713,0.29,1
38.82855,-90.08931,0.4,1
38.829252,-90.089749,50.0,1
38.832199,-89.597838,100.0,1
38.834923,-77.399801,0.95,1
38.835046,-77.400392,3.5,1
38.83618,-101.75231,3.7,1
38.845635,-122.232341,0.11,1
38.848525,-90.084617,0.23,1
38.851604,-90.087322,25.0,1
38.852094,-99.132413,65.3,1
38.863322,-89.958939,0.2,1
38.866606,-98.837622,0.12,1
38.869483,-90.477517,0.92,1
38.88144,-94.7452,7.3,1
38.88162,-94.74517,0.71,1
38.88188,-94.74432,1.0,1
38.91689,-95.68922,2.38,1
38.923554,-88.385636,0.0,1
38.938778,-99.761363,93.85,1
38.939028,-97.428013,2.0,1
38.94905,-89.75185,500.0,1
38.95973,-89.44549,1.36,1
38.98742,-97.4042,1669.0,1
38.98759,-95.32997,590.0,1
39.0081,-104.01317,1.79,1
39.025364,-85.850245,533.0,1
39.025586,-85.851089,0.7,1
39.02601,-85.85146,0.01,1
39.02942,-97.38027,1097.2,1
39.03517,-84.69,0.24,1
39.03543,-84.69089,0.99,2
39.0355,-84.6902,10.0,1
39.04705,-101.73841,1722.0,1
39.04758,-101.73915,4.0,1
39.060075,-88.495556,0.2,1
39.06405,-99.12959,470.8,1
39.080486,-97.35301,15.0,1
39.08605,-102.46611,0.36,1
39.10878,-99.17953,150.0,1
39.120239,-120.943522,0.35,1
39.12071,-94.44495,11.9,1
39.12851,-94.60705,10.0,1
39.12851,-94.60418,0.8099999999999999,1
39.12889,-94.60709,0.4,1
39.136219,-94.601051,262.0,1
39.13776,-94.5968,0.12,1
39.13805,-94.6025,0.6,1
39.13839,-94.60294,0.6,1
39.13844,-94.60013,168.0,1
39.1393,-94.60325,308.0,1
39.1402,-94.60133,0.16,1
39.15386,-94.62234,0.1,1
39.173564,-95.209343,23.0,1
39.17837,-94.65934,0.8,1
39.191028,-99.564306,400.0,1
39.193056,-121.631436,8.19,1
39.22226,-89.493926,0.7,1
39.230426,-76.573994,0.36,1
39.252793,-84.685909,450.0,1
39.27126,-76.56328,5.0,1
39.277928,-99.652257,67.0,1
39.305031,-76.557206,0.24,1
39.323679,-87.900338,0.1,1
39.32604,-87.89748,0.1,1
39.3271159,-87.8981323,273.0,1
39.328029,-87.897211,1.1,1
39.36101,-77.03759,0.19,1
39.36139,-77.03778,1.5699999999999998,2
39.36293,-97.47972,2.5,1
39.363277,-97.479365,0.58,1
39.36359,-93.45965,84.0,1
39.36863,-93.459573,0.5,1
39.369394,-99.80891,2.9,1
39.37571,-95.26018,5.0,1
39.38235,-87.86195,0.71,1
39.395483,-104.939441,0.2,1
39.40797563,-94.69171307,5000.0,1
39.411914,-92.842889,1.0,1
39.414038,-92.840164,12.5,1
39.45627,-92.08238,0.83,1
39.46308,-92.87136,656.0,1
39.482631,-84.223042,60.0,1
39.484724,-84.222653,69.1,2
39.506925,-88.065491,0.1,1
39.517036,-93.486055,0.25,1
39.544,-87.5885,1.57,1
39.587875,-76.412452,0.48,1
39.5894,-92.38284,3.2,1
39.59606,-89.2332,24.0,1
39.60887,-94.3214,0.24,1
39.61412,-89.34578,20.0,1
39.632574,-87.284057,0.5,1
39.64343,-94.61827,20.0,1
39.67171,-97.02436,34.0,1
39.673538,-76.125691,1.83,1
39.67439,-101.33656,16.68,1
39.68524,-87.236533,0.6,1
39.6854,-87.23644,9.4,1
39.70736769,-89.17722989,1.17,1
39.70808,-80.56138,11405.0,1
39.711344,-88.85166,0.01,1
39.71864,-95.135,8.5,1
39.72708,-92.04994,20.0,1
39.74636,-104.67988,2.0,1
39.75888,-104.81305,0.95,1
39.763568,-104.826857,0.38,1
39.772846,-91.565859,13.7,1
39.784839,-80.96325,0.0,1
39.7859444,-84.1620056,0.1,1
39.786953,-84.161907,0.2,1
39.789126,-89.104467,0.38,1
39.800348,-104.949162,4.7,1
39.8106,-86.3342,0.71,1
39.816597,-89.086496,30.0,1
39.81694,-75.20028,0.52,1
39.8188,-75.42217,0.78,1
39.822925,-75.175452,0.19,1
39.8411,-75.4177,5.3,1
39.844773,-75.418525,10.1,1
39.84512,-75.420378,0.12,1
39.84515,-75.4202,0.4,1
39.84541,-104.91319,0.47,1
39.8458,-75.4222,3.1,1
39.846349,-75.459406,0.28,2
39.846715,-75.256348,4.76,1
39.846972,-75.495014,1.2,2
39.849005,-75.502586,0.88,1
39.85162,-75.41714,0.95,1
39.853611,-86.226389,539.0,1
39.86216,-94.695103,0.24,1
39.862222,-75.419055,78.0,1
39.8653,-75.1379,1.4,1
39.86822,-96.0534,15.0,1
39.89486,-75.26061,297.0,1
39.8955,-75.25948,4.14,1
39.896,-75.3586,0.02,1
39.897834,-75.262507,38.0,1
39.915961,-86.246533,0.2,1
39.91934,-75.20447,1700.0,1
39.94024,-75.4799,0.4,1
39.96675,-83.110839,0.8,1
39.9923,-86.1359,9.5,1
39.995669,-91.378703,1.14,1
40.002304,-97.632707,0.48,1
40.010475,-92.567084,5.0,1
40.039849,-86.409788,20.0,1
40.041721,-86.409248,6.0,1
40.069353,-75.829062,215.0,1
40.091758,-74.738542,0.0,1
40.111093,-88.319562,0.2,1
40.136819,-104.509592,1.19,2
40.16005,-110.077696,10.0,1
40.162536,-101.529805,1.67,2
40.16833,-90.56593,0.19,1
40.20069,-104.60941,1.19,1
40.203611,-93.326669,0.81,1
40.203877,-93.32611,0.48,1
40.21421,-104.60538,20.0,1
40.262706,-80.264106,2775.0,2
40.262939,-80.263559,5.0,1
40.265185,-80.259891,57.0,1
40.279346,-85.363609,0.48,1
40.291648,-85.862792,1.7,1
40.291729,-85.862736,0.2,1
40.29213,-79.5866,0.6,1
40.29832,-92.11387,270.0,1
40.31277,-95.72125,2834.0,2
40.31491,-76.03375,0.5,1
40.318604,-76.031436,0.3,1
40.3196,-76.0431,12.5,1
40.3375,-89.82917,3.0,1
40.34117,-104.424018,2254.0,1
40.351944,-77.51333,1.04,1
40.352903,-74.125619,88.44,2
40.36468,-96.65431,0.48,1
40.36474,-92.01656,80.0,1
40.366817,-80.584594,30565.0,1
40.395534,-85.110422,1.33,1
40.401,-110.759,30.0,1
40.40966,-91.83585,5.0,1
40.4101,-78.4385,0.4,1
40.4329,-78.9279,1820.0,1
40.456096,-78.402961,7.0,1
40.45772,-104.44393,1300.0,1
40.47829444,-104.4352667,2.0,1
40.480804,-97.765209,0.36,1
40.4840972,-81.9952417,150.0,1
40.505602,-74.642893,48.0,1
40.513477,-84.953281,2.2,1
40.513554,-75.53238,8.7,1
40.514382,-75.532567,100.0,1
40.51608,-88.31929,1.5,1
40.5161701,-88.3192648,0.5,1
40.519254,-75.530339,12.0,1
40.519728,-75.535209,0.24,1
40.519942,-75.532336,3.5,1
40.519999,-75.531339,2.97,1
40.52243,-74.25384,1333.1000000000001,32
40.52275,-74.25343,0.02,1
40.523327,-74.256013,1.1400000000000001,4
40.535033,-74.260967,0.24,1
40.535833,-74.256944,0.59,1
40.536111,-74.256944,0.19,1
40.547339,-74.260283,0.05,1
40.548003,-74.238058,0.31,1
40.550801,-97.595518,3.57,1
40.55081,-97.59588,1.78,1
40.550972,-97.594715,0.55,1
40.5566,-93.93892,0.24,1
40.563565,-74.245512,2.4,1
40.57083,-74.25333,0.81,2
40.574722,-74.238333,0.12,1
40.57667,-74.25472,0.1,1
40.57704,-74.2498,0.38,1
40.57729,-74.25051,5.4,1
40.57741,-74.24819,0.6,1
40.58061,-74.2147,0.48,1
40.58513,-74.21226,24.0,1
40.58547,-74.21357,0.67,1
40.585479,-74.213579,7.21,3
40.588225,-74.222514,1.67,2
40.588583,-74.21558,0.08,1
40.58888,-74.22233,75.0,1
40.589,-74.217,3.57,1
40.58925,-74.21709,4.0,1
40.590142,-74.215472,1.0,1
40.590422,-74.219078,2.0,1
40.59063,-74.21935,1.42,2
40.59064,-74.21945,1.99,2
40.590763,-74.219353,0.12,1
40.591463,-74.219176,7.0,1
40.591656,-74.22071,0.25,1
40.59213,-74.21207,0.23,1
40.593267,-74.209978,23.0,1
40.59348,-74.210174,47.0,1
40.59441,-74.216209,0.4,1
40.596305,-91.411283,0.2,1
40.6017,-74.260967,0.24,1
40.605222,-74.23907,1.85,1
40.6054,-74.2383,0.71,1
40.60545,-74.25835,0.95,1
40.60614,-74.23521,0.14,1
40.606466,-74.209062,7.14,1
40.606837,-74.219917,27.29,1
40.608154,-74.240296,1.19,1
40.608272,-74.208518,1.0,1
40.608277,-74.221761,0.71,1
40.6082833,-74.2117528,3.81,1
40.608328,-74.240044,0.01,1
40.6084,-74.2222,5.3,1
40.608511,-74.239999,0.17,1
40.6086,-74.2399,0.95,1
40.609013,-74.239568,0.24,1
40.609164,-74.239114,0.21,1
40.609186,-74.239401,143.0,1
40.609319,-74.239141,0.24,1
40.61145,-74.23725,3.78,1
40.61154,-74.24035,0.6,1
40.612444,-74.241097,10.0,1
40.61428,-74.21755,1.0,1
40.620667,-75.570108,0.23,1
40.621988,-97.549726,60.0,1
40.62252,-80.4181,300.0,1
40.6246,-74.19254,27.4,1
40.630937,-80.440553,0.2,1
40.631074,-80.440463,0.2,1
40.647936,-88.340732,44.64,2
40.64995921,-74.11977753,5.0,1
40.650639,-74.118108,0.05,1
40.650953,-74.119835,2.0,1
40.654111,-103.03132,200.0,1
40.65728842,-74.11015157,0.0,1
40.657443,-73.899931,2.0,1
40.657792,-74.091888,150.0,1
40.6581344,-74.10840926,0.0,1
40.661111,-74.110595,519.0,1
40.66506,-74.10953,359.0,1
40.676504,-81.347693,0.2,1
40.689287,-82.717585,3.0,1
40.69436,-84.10883,40.0,1
40.6945,-84.1265,0.23,1
40.695592,-84.125869,150.0,1
40.696043,-84.126666,0.6,1
40.697102,-84.127323,0.71,1
40.697155,-84.126641,0.24,1
40.6972222,-84.1272222,0.23,1
40.697527,-84.126687,2.4,1
40.697537,-84.127225,2.45,2
40.701149,-103.181597,119.05,1
40.70498,-84.12751,1.2,1
40.706216,-84.1146149,0.08,1
40.706418,-84.113285,4.47,1
40.7076,-84.11739,2.0,1
40.70825,-84.12206,200.17000000000002,3
40.708665,-80.693831,0.2,1
40.70942,-81.36428,10.0,1
40.70945,-84.1314,0.71,1
40.711466,-84.131779,0.12,1
40.711686,-84.132645,0.1,1
40.73625,-73.94435,0.23,1
40.74573,-95.91459,3.0,1
40.759869,-73.944998,249.0,1
40.76505,-111.82493,800.0,1
40.766643,-111.827358,500.0,1
40.770458,-81.410174,0.5,1
40.78155,-85.50785,0.48,1
40.80216,-76.60618,0.24,1
40.803479,-84.802507,1.0,1
40.804771,-111.927762,3.0,1
40.831354,-111.91978,1.0,1
40.858546,-104.428739,1.58,1
40.894805,-85.440504,0.2,1
40.94267,-88.64449,0.6,1
40.943291,-88.647391,3.0,1
40.944856,-88.644669,0.95,1
40.97604,-96.4566,23.81,1
41.01816,-88.015049,0.42,1
41.04755,-83.73375,2.4,1
41.056079,-111.043003,0.15,1
41.090482,-88.298295,0.01,1
41.10621,-104.83589,0.2,1
41.11988,-91.647847,0.29,1
41.123379,-104.783855,30.0,1
41.126883,-104.791108,530.0,2
41.1274,-104.7907,10.0,2
41.14364,-87.902235,30.0,2
41.148878,-103.682297,222.0,1
41.1784,-87.8504,40.0,1
41.17974,-82.21559,1950.0,1
41.184974,-110.410612,0.0,1
41.187143,-91.70938,1.74,1
41.21235,-95.8301,28.0,1
41.2289,-83.63941,2.0,1
41.255797,-82.397732,0.6,1
41.255807,-82.397732,0.24,1
41.258087,-91.792114,0.27,1
41.27461,-88.12713,0.14,1
41.274678,-82.167048,1.0,1
41.286642,-81.211906,0.02,1
41.2885,-72.8999,0.95,1
41.299079,-87.744857,84.0,1
41.307,-72.90925,600.0,1
41.311708,-87.006836,0.24,1
41.31825,-95.93717,184.14,1
41.322508,-102.87641,1.6,2
41.34767937,-110.82014826,0.2,1
41.35429,-76.912268,1238.0,1
41.36417,-96.05833,1.9,1
41.38284113,-110.82225101,0.2,1
41.39281106,-110.8225257,0.2,1
41.395652,-87.97975,2.38,1
41.40817,-87.99195,0.24,1
41.410372,-88.373137,0.1,1
41.410931,-88.345016,20.1,1
41.41355,-93.62581,0.24,1
41.414332,-87.988991,0.23,1
41.4145,-87.7665,4.0,1
41.41579,-93.62086,1.07,1
41.419421,-112.052591,499.0,1
41.421858,-81.761444,7.14,1
41.435852,-81.668922,23.5,1
41.437931,-110.814522,0.2,1
41.49188,-87.91791,1500.0,1
41.49806,-87.51722,0.01,1
41.50506,-87.4543,398.0,1
41.50667,-87.45333,24.0,1
41.507105,-87.452478,0.12,1
41.508897,-87.446008,2.0,1
41.510158,-87.445686,0.7,1
41.511142,-87.445436,0.4,1
41.51458,-87.45134,0.36,1
41.51487,-87.4512,5.0,1
41.51556,-87.44861,0.12,1
41.51616,-87.44906,160.0,1
41.51718,-92.00372,0.98,1
41.51769,-87.44697,0.95,1
41.52278,-87.45194,747.7,1
41.529826,-109.393141,0.9,1
41.532684,-83.493076,0.6,1
41.5543361,-87.8866028,0.59,1
41.55455,-87.88425,0.2,1
41.55556,-87.88528,921.4,2
41.5569,-87.8886,10.0,1
41.5569,-87.8861,90.0,1
41.55694,-87.88556,1.0,1
41.55804,-93.52571,0.33999999999999997,1
41.55849,-93.52615,0.74,1
41.56244,-93.52198,1.0,1
41.56348,-93.52167,10.0,1
41.5652,-109.9803,0.48,1
41.565497,-93.526862,0.33999999999999997,1
41.56563,-93.526816,12.0,1
41.577697,-87.49049,920.0,1
41.606561,-87.462351,4.76,1
41.60720541,-89.7349367,5648.0,1
41.6076,-87.4667,1.19,2
41.60766736,-87.43874523,10.2,2
41.60865,-92.13573,2.3,1
41.609732,-87.466047,0.36,1
41.609953,-87.466475,0.95,1
41.612919,-87.468926,0.24,1
41.6136,-88.0536,5.0,1
41.61566,-93.12757,43.05,1
41.616693,-91.408465,240.0,1
41.61955,-83.44724,0.1,1
41.619586,-87.490022,5.74,1
41.621205,-83.485937,5.0,1
41.62247,-83.48496,0.9,1
41.62263,-83.48667,4.83,1
41.6234,-83.4878,1.0,1
41.626461,-87.440797,11.0,1
41.62672,-87.433952,0.72,1
41.626855,-87.443384,1.0,1
41.63156,-88.04958,1760.0,1
41.63611,-88.04639,0.36,1
41.639016,-88.124155,100.0,1
41.640712,-87.472865,255.0,1
41.6424,-87.4744,544.0,1
41.642669,-91.284455,3436.0,1
41.643229,-87.467121,2.38,1
41.644119,-87.892427,10.0,1
41.644934,-87.47608,0.12,1
41.645101,-88.027889,3.26,1
41.6514111,-107.8231666,1.1,1
41.655265,-88.076523,7538.0,1
41.658008,-88.041942,0.36,1
41.659288,-87.569198,16.6,1
41.6671,-86.0209,1.2,1
41.67284,-83.45352,8.02,2
41.67288,-83.45348,0.23,1
41.675883,-83.471285,2.38,1
41.68140797,-87.82598113,704.0,1
41.68148,-91.57018,0.24,1
41.684108,-91.570103,1.9,1
41.68411,-91.5701,10.52,1
41.684292,-90.4901,0.35,1
41.686997,-107.98125,0.19,1
41.6872222,-107.9802778,3.0,1
41.6877778,-107.98,15.0,1
41.69229,-90.31106,2.39,1
41.697667,-90.098627,18400.0,1
41.73889472,-90.81978672,1640.1,1
41.752979,-83.551501,2.4,2
41.7643,-87.8361,0.6,1
41.7678,-87.82972,1.0,1
41.7731,-110.3453,4.09,1
41.782605,-107.116503,0.13,1
41.78788,-89.16688,1.8,1
41.800416,-107.109865,260.0,1
41.801632,-87.795604,0.48,1
41.805792,-83.600044,22.0,1
41.806608,-83.601248,0.9,1
41.80708,-83.60071,91.0,1
41.828677,-104.352722,300.0,1
41.831164,-79.117514,2.0,1
41.844019,-85.741131,2121.0,1
41.8458333,-106.2038889,6.0,1
41.86305,-96.137915,100.0,1
41.890476,104.263399,2.0,1
41.90199,-96.24944,2587.0,1
41.90877,-96.24902,2.4,1
41.93695,-87.89361,10.0,1
41.93805,-87.89138,6.43,2
41.94352,-88.23353,0.12,1
41.95138,-88.27772,12.0,1
42.00461,-96.23684,675.0,1
42.02244,-91.00488,970.0,1
42.024045,-87.951209,1.0,1
42.024238,-87.950772,1.0,1
42.053138,-96.043891,0.27,1
42.05679,-88.49732,3.0,1
42.06139,-83.83167,0.24,1
42.07471,-96.17223,1.0,1
42.1043,-75.9956,2.5,1
42.11445,-104.564875,200.0,1
42.115822,-72.580744,2.9,1
42.116313,-72.580633,8.3,1
42.12294,-104.30346,0.36,1
42.131311,-83.22664,0.0,1
42.133334,-104.425221,145.0,1
42.1514,-83.163,29.0,1
42.183809,-91.189346,21759.0,1
42.20753,-104.51014,0.36,1
42.20813,-104.51255,61.64,2
42.222753,-104.694064,20.0,1
42.225543,-104.694563,15.0,1
42.22588,-104.69196,6.0,1
42.225925,-104.686441,20.0,1
42.226368,-104.717467,0.3,1
42.23326,-104.68633,2.0,1
42.24329,-84.97251,20082.0,1
42.26259,-89.17831,2.0,1
42.272024,-83.164865,1.3,1
42.2748,-83.4048,3.0,1
42.278472,-83.123064,0.95,1
42.282925,-83.141045,2.38,1
42.308506,-107.872722,575.0,1
42.308627,-107.8725,30.0,1
42.352666,-86.138879,280.0,1
42.38229,-78.91763,0.24,1
42.45589,-95.32798,0.41,1
42.46833,-74.3515,3283.0,1
42.514136,-84.242059,9000.0,1
42.51862,-114.27034,22.0,1
42.5325,-95.1332,8.62,1
42.53632,-96.35816,0.16,1
42.53743,-96.3568,10.0,1
42.53889,-88.63417,5.0,1
42.53934,-88.6345,0.24,1
42.557406,-107.007911,30.0,1
42.56794,-84.10547,0.24,1
42.5783333,-107.14709,0.46,1
42.63521,-97.3371,0.24,1
42.72143,-94.60402,54.65,1
42.73839,-114.948008,228.0,1
42.79375,-94.40176,10.95,1
42.80667,-94.36011,25.32,1
42.81144,-94.33013,4.52,1
42.849051,-78.77696,0.7,1
42.851147,-106.357092,0.24,1
42.854755,-94.159355,5.23,1
42.854803,-106.41171,440.0,1
42.855444,-106.246861,10.0,1
42.864441,-106.408738,162.2,2
42.870358,-76.93538,0.48,1
42.87907,-94.08965,1.1,1
42.8842,-82.4943,12.0,1
42.887382,-112.476571,0.71,1
42.88895,-82.49131,5.0,1
42.9015,-82.5101,1.0,1
42.917984,-105.240693,18.0,2
42.9289,-87.8884,0.24,1
42.94222,-93.90276,8.78,1
42.9517,-87.8962,215.0,1
42.957732,-76.527389,5.7,1
42.957763,-76.527127,23.0,1
42.959503,-76.665351,595.0,1
42.9916667,-106.7119444,125.0,1
43.016283,-84.6554,64.0,1
43.0456,-77.74824,0.07,1
43.05284,-93.6389,8.57,1
43.080915,-95.179006,0.38,1
43.114444,-105.8525,1690.0,1
43.14017,-93.35353,0.4,1
43.1407,-93.35381,10.0,1
43.189245,-88.049748,2.0,1
43.2180944,-104.432967,40.0,1
43.240356,-97.459258,400.0,1
43.26707,-83.25139,0.24,1
43.286542,-95.260549,4.0,1
43.29183,-95.15157,115.0,1
43.29194,-95.15111,0.24,1
43.2930556,-107.625,7.5,1
43.297089,-88.130513,1302.0,1
43.31996,-104.32384,8.0,1
43.37233,-104.26353,35.0,1
43.38106666,-104.31804722,1.0,1
43.3831,-104.2457,1.0,1
43.42656,-104.91426,30.0,1
43.4625,-104.226944,30.0,1
43.475465,-96.726088,2.62,1
43.50343,-104.15236,2.0,1
43.51946392,-83.81743089,17.97,1
43.54566,-96.79346,31.0,1
43.54571,-96.79188,0.71,1
43.58698,-93.9091,16.43,1
43.6067,-116.249,15.0,1
43.635,-104.31806,2.0,1
43.6666,-105.06791,2.0,1
43.666603,-105.067905,1.0,1
43.66693333,-105.06706666,5.0,1
43.67297971,-104.9547281,20.0,1
43.72077,-104.659061,4.0,1
43.72835,-94.73,4685.0,1
43.78306944,-104.4072833,0.24,1
43.78507,-94.624817,0.30000000000000004,1
43.78774166,-104.41684166,3.0,1
43.787925,-104.41711388,45.0,1
43.787975,-104.41668333,0.5,1
43.788025,-104.4166,0.12,1
43.78813056,-104.414856,2.0,1
43.78846666,-104.41595,191.0,1
43.788561,-104.4165944,0.5,1
43.788581,-104.4167833,1.0,1
43.78913,-104.41707,8.0,1
43.791797,-104.414824,66.0,3
43.832639,-104.31971,80.0,1
43.842033,-104.25655,1.0,1
43.8516667,-106.4083333,20.36,2
43.860695,-108.163483,96.0,1
43.861789,-108.166073,3.5,1
43.87591331,-104.51977397,9.0,1
43.895611,-89.638236,1729.0,1
43.93146,-94.11098,3.4,1
43.94028,-70.49336,0.12,1
43.94200833,-104.6112278,20.0,1
43.94972,-89.68472,7.0,1
43.9567944,-104.6031611,35.0,1
43.965346,-97.694305,2.38,1
43.992624,-104.388373,135.0,1
44.000221,-93.782668,25.0,1
44.021949,-105.538019,1958.0,1
44.05727,-84.108636,20.0,1
44.069,-116.98,0.5,1
44.15348,-94.06836,0.2,1
44.26055,-93.30194,0.12,1
44.378889,-98.462778,0.4,1
44.37956,-98.462467,0.48,1
44.460839,-105.576613,300.0,1
44.5311,-88.0121,11.9,1
44.62351,-97.92161,0.11,1
44.642128,-90.957761,14.0,1
44.665449,-106.902904,0.48,1
44.66547,-106.90261,3.7,1
44.67167,-90.24833,1.0,1
44.73368,-93.19464,10.8,1
44.73486,-93.19663,1477.0,1
44.759651,-93.035311,0.24,1
44.77084,-93.04914,2.38,1
44.77085,-93.04889,0.2,1
44.77328,-93.35844,48.0,1
44.788806,-85.154688,2.45,1
44.7937698,-85.152195,5.65,1
44.803407,-94.835427,23.0,1
44.815639,-108.498916,80.0,1
44.815919,-108.4989,0.7,1
44.81602,-108.49913,0.14,1
44.817233,-108.501412,1.5,1
44.85338,-92.99561,0.2,1
44.87601,-92.99642,0.24,1
44.94151,-108.8267,4.0,1
45.010556,-108.913889,0.5,1
45.05919,-93.19544,0.24,1
45.143056,-92.999245,1.08,2
45.152093,-104.714812,2.0,1
45.15209388,-104.71481248,5.0,1
45.206089,-93.099272,3.93,1
45.238011,-104.199821,9.4,1
45.250322,-107.701801,411.0,1
45.479889,-108.852723,0.3,1
45.526048,-98.515008,500.0,1
45.565381,-122.74288,0.69,1
45.56545,-122.743195,0.74,1
45.569231,-122.7542888,2.4,1
45.655486,-108.75724,1509.0,1
45.65804642,-108.75964879,0.35,1
45.672992,-94.593917,1.9,1
45.698007,-93.996983,20.0,1
45.698036,-93.997047,0.24,1
45.722409,-94.973972,5.95,1
45.77906,-108.485419,0.28,1
45.78611,-84.77444,0.48,1
45.792899,-108.474178,0.3,1
45.79417,-108.47889,2.0,1
45.794368,-108.479145,0.0,1
45.883706,-96.492211,0.0,1
45.89341,-95.3928,0.2,1
45.894167,-95.389444,1.19,1
45.89504,-95.39047,0.12,1
45.95307,-97.9057,400.0,1
45.97528,-86.24556,0.0,1
46.2199,-109.437,90.0,1
46.24913,-106.81986,183.0,1
46.359919,-89.506797,0.19,1
46.370782,-97.467557,6.32,2
46.38995,-104.452,25.0,1
46.39053,-104.45044,2.0,1
46.41379,-97.52251,2.02,1
46.41428,-92.03609,0.24,1
46.49535,-110.061642,0.36,1
46.6178,-96.4543,0.12,1
46.68329,-92.05718,104.0,1
46.683889,-92.054722,2.5,1
46.6869,-92.0645,0.71,1
46.6885,-92.05685,5.0,1
46.688674,-92.055463,4.76,1
46.68889,-92.05972,18.18,5
46.68904,-92.06135,2.0,1
46.6893,-92.0612,0.48,1
46.689722,-92.060556,13.9,1
46.69,-92.06,0.24,1
46.69354,-92.049,5.95,1
46.71782754,-105.44129948,3.6,1
46.8197,-95.1489,0.48,1
46.81973992,-95.14887905,1.0,1
46.851256,-102.770368,20.0,1
46.861678,-102.777616,200.0,1
46.877218,-96.879506,1.42,1
46.902916,-103.295787,150.0,1
46.93944,-92.93861,0.36,1
46.9803,-96.88275,20.0,1
47.03163,-104.77022,758.0,1
47.089551,-122.370318,0.27,1
47.0966335,-98.2676588,1.48,1
47.09855,-104.76009,0.5,1
47.0988,-104.759017,1.0,1
47.098889,-104.759167,0.23,1
47.104525,-103.368344,4200.0,1
47.12312,-96.94799,0.2,1
47.1375,-93.30972,0.01,1
47.261205,-93.591633,0.01,1
47.30177,-110.7567,1.25,1
47.303798,-95.187438,20.0,1
47.31006,-93.73207,5.0,1
47.324386,-93.762975,0.15,1
47.32444,-93.76306,13.57,3
47.325278,-93.764167,0.01,1
47.32556,-93.76389,3.36,2
47.372103,-94.57539,0.23,1
47.378551,-94.666629,0.02,1
47.38361,-94.63389,155.0,1
47.458331,-122.22436,0.19,1
47.4593167,-102.5044111,0.12,1
47.52353,-111.29504,0.24,1
47.524128,-111.293911,1.0,1
47.55403,-111.28258,0.16,1
47.582395,-115.300693,3.5,1
47.582544,-103.602865,390.0,1
47.634874,-117.669642,0.48,1
47.673856,-103.65985,1000.0,1
47.68412,-95.41216,0.24,1
47.685115,-95.412879,0.71,1
47.68857,-95.41732,3.0,1
47.68889,-95.41222,11.34,4
47.689461,-95.409416,0.24,1
47.6895,-95.4097,0.24,1
47.68973,-95.41198,0.21,1
47.6899,-95.41192,10.0,1
47.71696,-117.35583,0.71,1
47.732308,-103.743398,27.0,1
47.7606333,-104.3565111,0.0,1
47.7826,-103.56694,870.0,1
47.78822,-103.97761,65.0,1
47.80327,-102.8791,22.1,1
47.805537,-104.485472,1.5,1
47.86055,-103.9325,1.0,1
47.882222,-97.21214672,1.0,1
47.90556,-96.02083,0.6,1
47.907607,-103.650532,800.0,1
47.91906322,-104.0294472,4.0,1
47.921839,-103.563575,475.0,1
47.92555,-104.13833,3.0,1
47.934931,-103.647714,118.0,1
47.96935,-103.62392,800.0,1
47.97958,-103.6615,0.21,1
48.014962,-98.010309,0.06,1
48.112149,-103.778247,3.0,1
48.21111,-96.43556,33.33,1
48.2351,-102.5404,2.0,1
48.24063,-101.257672,0.24,1
48.24275,-101.25444,76.0,1
48.27904,-99.30399,0.24,1
48.284494,-102.926272,0.23,1
48.304045,-102.373875,5.0,1
48.323422,-99.614158,1.5,1
48.325686,-101.752403,9.0,1
48.325724,-101.752889,20.0,1
48.331143,-99.631503,2.0,1
48.365352,-100.119192,0.25,1
48.39475,-102.9138,40.0,1
48.39696,-102.91027,5.0,1
48.455641,-122.390712,10.42,3
48.524251,-102.856912,20600.0,1
48.7134237,-112.354933,10.0,1
48.720364,-101.20851,201.0,2
48.81835,-122.55443,0.29,1
48.85108984,-103.02299412,150.0,1
48.888796,-102.738899,31.0,1
48.96572,-101.65116,0.38,1
48.99555,-97.52554,3784.0,1
50.839319,-104.469536,1.0,1
63.42546,-145.7665,0.24,1
63.93074,-145.76661,2580.0,1
65.31111,-148.279,3.26,1
66.812823,-150.662681,0.0,1
67.7987,-149.8164,0.64,2
70.10762,-147.38633,0.01,1
70.15120454,-147.09653571,0.28,1
70.25666,-148.6203,308.0,1
70.257147,-148.621973,4.31,1
70.261265,-148.611844,6.0,1
