fips,pesticide_mass
01001,29132.899999999998
01003,366234.55
01005,51081.4
01007,15059.5
01009,23207.3
01011,7070.3
01013,46432.2
01015,18816.850000000002
01017,10477.050000000001
01019,67789.95
01021,27268.4
01023,13423.65
01025,10410.65
01027,8581.55
01029,4942.05
01031,95298.95
01033,137419.1
01035,84563.3
01037,1683.2
01039,83070.9
01041,16596.95
01043,44562.799999999996
01045,92938.8
01047,76055.84999999999
01049,77014.7
01051,37914.5
01053,223474.1
01055,16124.85
01057,49280.15
01059,33069.35
01061,165354.35
01063,3873.45
01065,8457.1
01067,140027.7
01069,171241.25
01071,108225.5
01073,3115.5499999999997
01075,15663.749999999998
01077,156356.8
01079,225149.55000000002
01081,10908.85
01083,273543.10000000003
01085,24376.3
01087,34364.15
01089,233806.8
01091,18526.75
01093,22268.2
01095,30288.75
01097,105261.90000000001
01099,155118.55
01101,25293.350000000002
01103,42077.45
01105,44425.95
01107,52159.25
01109,45907.65
01111,16581.25
01113,36708.450000000004
01115,3971.5000000000005
01117,45122.4
01119,12548.7
01121,67912.1
01123,11353.9
01125,30891.4
01127,13376.85
01129,63024.8
01131,22084.2
01133,7510.349999999999
04001,91376.8
04003,111716.6
04005,16546.3
04007,66617.0
04009,87940.8
04011,104168.25
04012,96148.2
04013,515655.0
04015,86006.35
04017,28744.399999999998
04019,61355.299999999996
04021,471292.19999999995
04023,6662.1
04025,16049.25
04027,353427.65
05001,883370.5
05003,346902.45
05005,2847.45
05007,9697.3
05009,7249.15
05011,3823.45
05013,3579.9
05015,6125.55
05017,839597.95
05019,39828.15
05021,636678.7999999999
05023,6364.7
05025,4174.05
05027,8440.2
05029,96458.9
05031,814822.6
05033,59999.6
05035,748780.45
05037,625461.25
05039,3122.0
05041,864956.6
05043,223527.5
05045,79352.3
05047,37984.3
05049,10298.25
05051,9416.6
05053,11169.800000000001
05055,490029.7
05057,21094.9
05059,20754.15
05061,13080.95
05063,141115.75
05065,6053.5
05067,493949.65
05069,612849.1
05071,23706.85
05073,62242.0
05075,404005.0
05077,681124.25
05079,479990.4
05081,49285.05
05083,36007.3
05085,688254.3500000001
05087,5620.6
05089,6286.3
05091,59669.200000000004
05093,1156388.0
05095,469733.05
05097,8070.25
05099,13155.3
05101,1965.0
05103,3390.5
05105,26983.8
05107,887807.9500000001
05109,7786.4
05111,705230.7
05113,21164.899999999998
05115,47096.8
05117,510416.35
05119,79903.95
05121,179002.65
05123,613161.15
05125,10500.5
05127,13934.35
05129,6081.3
05131,20066.55
05133,15135.449999999999
05135,4314.05
05137,3542.65
05139,3819.8
05141,3186.6000000000004
05143,7047.35
05145,151558.4
05147,533121.4500000001
05149,43040.1
06001,52264.7
06003,8.4
06005,34723.1
06007,1129719.8
06009,7713.0
06011,959457.8
06013,82357.1
06015,17360.0
06017,22478.5
06019,10703686.6
06021,863419.0
06023,979.1999999999999
06025,1793155.2
06027,2737.5
06029,8013350.2
06031,2311703.4
06033,211183.99999999997
06035,9227.3
06037,390692.4
06039,3039704.7
06041,2638.9
06043,225.8
06045,266514.5
06047,3373863.2
06049,29968.1
06051,13330.4
06053,3145070.5
06055,504256.19999999995
06057,6360.6
06059,86438.0
06061,59652.7
06063,208.6
06065,763556.5
06067,1451565.8
06069,214979.8
06071,20928.5
06073,137291.0
06075,8.3
06077,4536667.3
06079,1050030.0
06081,31693.399999999998
06083,2085943.2
06085,155049.5
06087,581034.6
06089,37387.9
06091,45.9
06093,60861.2
06095,401249.7
06097,973764.7
06099,2299296.6
06101,1007328.2
06103,323363.3
06105,1.7000000000000002
06107,3692137.0999999996
06109,1495.7
06111,1759453.0
06113,1538700.5
06115,399729.0
08001,489580.55
08003,176584.75
08005,94567.1
08007,2658.45
08009,472020.7
08011,88187.85
08013,14034.95
08014,6150.7
08015,116165.45
08017,453026.5
08019,104.75
08021,200282.5
08023,195124.40000000002
08025,27833.95
08027,5454.9
08029,41048.9
08031,39535.4
08033,13979.050000000001
08035,24072.85
08037,2535.4500000000003
08039,89283.0
08041,29327.0
08043,5085.35
08045,148511.75
08047,114675.75
08049,1149.15
08051,988.95
08053,131.6
08055,6568.3
08057,115993.95
08059,8335.65
08061,435485.10000000003
08063,738004.35
08065,27.0
08067,11568.8
08069,42045.3
08071,30355.350000000002
08073,351043.9
08075,334964.80000000005
08077,30157.85
08079,298.35
08081,22799.9
08083,34841.5
08085,34988.05
08087,213918.5
08089,68632.25
08091,922.45
08093,693.15
08095,389998.89999999997
08097,290.0
08099,389275.60000000003
08101,52254.700000000004
08103,18504.3
08105,181352.95
08107,120852.0
08109,1192801.1
08113,117751.15
08115,164621.9
08117,53.75
08119,945.6
08121,550476.4500000001
08123,517381.9
08125,665722.65
09001,5878.900000000001
09003,32060.45
09005,14127.85
09007,4009.9500000000003
09009,12384.7
09011,12045.5
09013,11370.45
09015,12786.5
10001,222152.5
10003,76376.25
10005,438724.55
12001,199973.75
12003,38444.05
12005,48623.45
12007,156727.4
12009,96802.75
12011,24652.2
12013,96250.85
12015,202691.59999999998
12017,205955.05
12019,29848.8
12021,366704.35
12023,33891.700000000004
12027,1321296.2
12029,47669.1
12031,72486.3
12033,98093.3
12035,83476.75000000001
12037,1819.8000000000002
12039,47454.05
12041,206944.3
12043,144210.15
12045,67434.4
12047,115525.75
12049,1131457.25
12051,1872346.4000000001
12053,95889.7
12055,1157104.5
12057,1024295.7999999999
12059,86108.45
12061,1142425.5
12063,718918.1
12065,70648.05
12067,115561.0
12069,184107.65
12071,218198.5
12073,17033.4
12075,275978.5
12077,24592.15
12079,125242.2
12081,1006284.15
12083,172613.5
12085,457780.6
12086,415392.85
12087,14.9
12089,11515.45
12091,35444.8
12093,172066.85
12095,165295.05
12097,263336.25
12099,1369791.55
12101,197611.6
12103,72395.45000000001
12105,1179315.3499999999
12107,95039.05
12109,927920.9500000001
12111,1121564.7
12113,215267.44999999998
12115,134845.35
12117,113943.6
12119,93018.85
12121,154463.4
12123,52745.55
12125,139074.30000000002
12127,33844.15
12129,2403.35
12131,33104.4
12133,33266.4
13001,239064.75
13003,175219.44999999998
13005,81461.05
13007,230669.6
13009,3890.7
13011,5116.4
13013,21714.95
13015,17926.1
13017,106300.65
13019,400957.64999999997
13021,8888.1
13023,83702.65
13025,3923.65
13027,519316.10000000003
13029,9452.7
13031,348537.35
13033,267611.4
13035,6353.6
13037,298216.1
13039,11352.75
13043,50519.95
13045,9895.25
13047,4868.5
13049,3987.3
13051,3109.95
13053,3915.0499999999997
13055,13145.25
13057,18118.45
13059,3551.3500000000004
13061,101027.34999999999
13063,4070.8500000000004
13065,43258.25
13067,1549.25
13069,498985.3
13071,1109531.8
13073,9051.65
13075,277659.25
13077,12511.0
13079,28768.25
13081,310994.35000000003
13083,5554.400000000001
13085,1917.5
13087,621798.5
13089,188.20000000000002
13091,156287.4
13093,399600.30000000005
13095,95609.3
13097,12275.15
13099,352390.7
13101,100901.1
13103,68712.15
13105,15285.85
13107,117828.75
13109,38084.7
13111,18344.600000000002
13113,15247.15
13115,23468.5
13117,19259.25
13119,7361.95
13121,18406.75
13123,10752.65
13125,10017.85
13127,481.6
13129,26094.95
13131,360516.4
13133,19657.350000000002
13135,173118.40000000002
13137,8262.0
13139,6995.6
13141,7080.099999999999
13143,17363.6
13145,3661.85
13147,19071.15
13149,12648.55
13151,4382.1
13153,54125.25
13155,271119.05
13157,6515.3
13159,19689.5
13161,200735.9
13163,153494.4
13165,82234.8
13167,76853.45
13169,15483.75
13171,15906.0
13173,151090.55
13175,149969.9
13177,250259.9
13179,12756.75
13181,984.65
13183,8055.0
13185,420851.85000000003
13187,3143.5
13189,10206.8
13191,2230.0
13193,112041.2
13195,13716.45
13197,18989.2
13199,18324.6
13201,265714.85
13205,572708.9500000001
13207,16613.4
13209,96567.34999999999
13211,40131.9
13213,11530.55
13215,2787.4
13217,15065.25
13219,22304.5
13221,11492.55
13223,6729.0
13225,63891.55
13227,17827.55
13229,167447.95
13231,14593.550000000001
13233,14567.550000000001
13235,133414.25
13237,12618.25
13239,4688.05
13241,5392.3
13243,230337.85
13245,2332.65
13247,3748.85
13249,11289.9
13251,221347.8
13253,313667.35
13255,16840.5
13257,2070.7000000000003
13259,20241.0
13261,313282.75
13263,3883.35
13265,16108.75
13267,138840.05
13269,21639.2
13271,50911.75
13273,325651.3
13275,335256.45
13277,456898.25
13279,100386.25
13281,1193.55
13283,52584.100000000006
13285,6377.2
13287,199705.35
13289,68321.85
13291,18751.85
13293,11833.95
13295,15896.65
13297,8821.3
13299,46806.95
13301,9293.0
13303,102944.85
13305,59065.05
13307,140466.2
13309,21399.05
13311,2640.4500000000003
13313,7240.35
13315,213947.8
13317,10915.25
13319,19156.5
13321,533707.1
16001,52814.700000000004
16003,11911.3
16005,131780.5
16007,44628.0
16009,183296.15
16011,2714054.75
16013,121035.99999999999
16015,6325.599999999999
16017,3109.3
16019,689423.9
16021,151532.6
16023,54840.9
16025,127493.65000000001
16027,738790.4500000001
16029,147219.1
16031,249637.9
16033,15847.85
16035,147641.1
16037,72204.95
16039,684852.6
16041,137001.45
16043,863883.4
16045,151637.75
16047,218863.15
16049,60196.299999999996
16051,1243292.25
16053,404861.25
16055,151268.15
16057,149139.0
16059,6671.15
16061,93760.85
16063,147637.65
16065,1310437.8
16067,1222004.35
16069,291742.2
16071,393547.05
16073,131723.9
16075,226620.9
16077,1782200.7
16079,6756.0
16081,183977.0
16083,487871.2
16085,133640.15
16087,61064.35
17001,438739.45
17003,86448.55
17005,207244.2
17007,123035.2
17009,88094.70000000001
17011,578061.6499999999
17013,77822.95
17015,285167.35000000003
17017,238371.65
17019,626241.75
17021,576241.65
17023,349992.6
17025,369892.35000000003
17027,459817.64999999997
17029,342068.2
17031,10836.800000000001
17033,300936.35
17035,213568.5
17037,423192.8
17039,296524.15
17041,379654.35
17043,2711.5499999999997
17045,482658.5
17047,86352.2
17049,386458.75
17051,450107.95
17053,287520.65
17055,118559.75
17057,366817.65
17059,147200.3
17061,360627.6
17063,265542.75
17065,137364.3
17067,452030.85
17069,7088.1
17071,206406.55
17073,600073.6
17075,707875.0499999999
17077,347315.05
17079,328215.35
17081,163735.25
17083,216787.35
17085,235026.44999999998
17087,64316.75
17089,178557.05
17091,326231.95
17093,150701.1
17095,439584.75000000006
17097,21656.5
17099,633278.1
17101,323517.85
17103,543845.5499999999
17105,638758.3
17107,570788.7
17109,343526.75
17111,203750.55
17113,995343.45
17115,448843.45
17117,502247.9
17119,407372.65
17121,281112.1
17123,308234.9
17125,442496.25
17127,73624.25
17129,225414.05
17131,330024.60000000003
17133,318310.8
17135,573638.15
17137,384481.45
17139,322057.35000000003
17141,456855.3
17143,354487.15
17145,321101.2
17147,281104.1
17149,457198.64999999997
17151,14373.2
17153,176444.55000000002
17155,65569.2
17157,420574.65
17159,242722.65
17161,176971.0
17163,492595.7
17165,99637.45
17167,743018.05
17169,178094.95
17171,186546.9
17173,504092.39999999997
17175,289855.95
17177,366090.05
17179,481844.5
17181,168532.6
17183,481626.19999999995
17185,96982.55
17187,386866.2
17189,699628.8
17191,263829.9
17193,220922.0
17195,484324.64999999997
17197,229986.5
17199,124626.85
17201,211515.05
17203,424911.0
18001,186095.1
18003,236516.75000000003
18005,164854.4
18007,332282.9
18009,106944.0
18011,263344.14999999997
18013,3963.9
18015,253735.80000000002
18017,208381.35
18019,93279.75
18021,196106.4
18023,301644.75
18025,9598.1
18027,221919.55000000002
18029,22756.5
18031,211445.9
18033,124481.0
18035,195737.9
18037,146781.55
18039,149889.55
18041,86308.55
18043,15610.650000000001
18045,264500.55
18047,132223.6
18049,229319.3
18051,254031.85
18053,202828.4
18055,128845.95
18057,144244.75
18059,198154.84999999998
18061,104432.95
18063,172893.95
18065,182086.8
18067,169973.55000000002
18069,177899.75
18071,205057.2
18073,334969.0
18075,222833.69999999998
18077,78543.2
18079,130003.5
18081,147447.55000000002
18083,366571.30000000005
18085,245398.15
18087,123776.5
18089,136396.75
18091,303509.05
18093,81030.15
18095,240068.69999999998
18097,17215.5
18099,191638.0
18101,37578.05
18103,180462.2
18105,16743.75
18107,371591.10000000003
18109,125567.15
18111,214992.6
18113,164775.95
18115,10162.65
18117,91693.70000000001
18119,80792.7
18121,190421.15
18123,40190.100000000006
18125,69478.85
18127,146351.65
18129,215479.6
18131,255655.6
18133,184963.1
18135,278286.19999999995
18137,183470.55000000002
18139,239050.7
18141,149432.69999999998
18143,67696.3
18145,259205.8
18147,153374.7
18149,150531.65
18151,92871.59999999999
18153,171309.75
18155,29730.95
18157,278622.9
18159,198742.40000000002
18161,88469.55
18163,76763.45
18165,146006.5
18167,144580.9
18169,200313.45
18171,235503.44999999998
18173,102121.45
18175,175467.6
18177,146254.5
18179,220349.4
18181,352533.95
18183,149187.85
19001,230354.0
19003,147796.0
19005,169976.35
19007,104148.85
19009,300603.9
19011,506324.45
19013,343390.65
19015,394952.05
19017,298857.3
19019,394852.0
19021,409325.2
19023,395746.2
19025,430452.6
19027,414609.75
19029,240883.69999999998
19031,421810.1
19033,370418.7
19035,359568.89999999997
19037,332408.75
19039,87476.45
19041,360897.45
19043,321205.9
19045,486171.05
19047,493797.45
19049,346715.7
19051,131468.15
19053,144867.5
19055,407551.35
19057,230197.4
19059,212511.55000000002
19061,292155.0
19063,256772.95
19065,386740.05
19067,333852.39999999997
19069,414077.85
19071,263013.7
19073,425975.85000000003
19075,416947.05
19077,301702.1
19079,415885.39999999997
19081,412782.3
19083,436748.2
19085,433668.3
19087,318362.55
19089,322198.8
19091,274372.55
19093,314570.55
19095,339327.4
19097,255059.65000000002
19099,421774.60000000003
19101,243729.44999999998
19103,329391.2
19105,375903.8
19107,378981.3
19109,688668.35
19111,243858.84999999998
19113,372980.5
19115,267662.4
19117,98514.45
19119,394466.2
19121,249137.65000000002
19123,406970.64999999997
19125,281376.95
19127,386433.8
19129,201552.55000000002
19131,328057.60000000003
19133,371561.95
19135,109694.1
19137,211956.4
19139,243109.75
19141,362964.8
19143,275646.2
19145,281602.3
19147,393907.25
19149,548188.75
19151,394655.15
19153,228272.0
19155,506970.7
19157,362974.1
19159,194801.5
19161,435108.2
19163,276109.75
19165,444089.9
19167,557381.3
19169,389172.9
19171,459792.55
19173,191810.6
19175,238081.9
19177,162755.95
19179,209847.0
19181,251601.2
19183,395668.95
19185,239221.9
19187,535593.9500000001
19189,276360.1
19191,350007.2
19193,490960.60000000003
19195,266862.9
19197,413531.35000000003
20001,133434.4
20003,355418.7
20005,336840.05
20007,120929.59999999999
20009,450852.45
20011,94786.8
20013,561313.4
20015,334817.55
20017,85169.95
20019,27974.7
20021,313229.4
20023,356998.2
20025,107980.59999999999
20027,399166.9
20029,305010.95
20031,225416.65
20033,91616.1
20035,271981.55
20037,257043.9
20039,274836.25
20041,350815.1
20043,326817.9
20045,198412.30000000002
20047,246387.55
20049,43186.15
20051,341485.60000000003
20053,176556.4
20055,1064873.55
20057,669092.95
20059,274127.35
20061,71149.1
20063,311575.8
20065,275257.85000000003
20067,471569.2
20069,705123.0
20071,422394.85000000003
20073,84098.05
20075,358432.1
20077,137830.95
20079,282277.2
20081,614750.25
20083,306116.55000000005
20085,228064.80000000002
20087,221397.25
20089,467213.74999999994
20091,63029.35
20093,500775.95
20095,128263.75
20097,196160.59999999998
20099,261688.75
20101,288978.25
20103,140380.2
20105,205622.4
20107,175774.85
20109,319115.05
20111,280371.65
20113,433315.4
20115,390452.65
20117,708633.15
20119,517550.85
20121,201923.75
20123,430776.05
20125,236480.35
20127,161864.9
20129,306914.85000000003
20131,572351.2000000001
20133,195474.9
20135,359151.65
20137,339831.55
20139,302421.4
20141,311155.6
20143,302365.35
20145,323410.45
20147,387375.8
20149,229384.85
20151,302826.95
20153,406831.45
20155,346294.65
20157,449226.85
20159,438101.75
20161,150291.85
20163,430772.8
20165,366950.55
20167,259380.25
20169,211135.5
20171,416390.35000000003
20173,286117.65
20175,435265.60000000003
20177,166542.25
20179,471468.35
20181,544669.7
20183,545943.0
20185,311338.35
20187,529691.7
20189,671765.7
20191,490847.5
20193,705113.75
20195,280140.25
20197,118800.75
20199,263385.85
20201,551250.25
20203,336917.64999999997
20205,221556.3
20207,126757.85
20209,16186.2
21001,38366.0
21003,46009.850000000006
21005,6908.900000000001
21007,113608.40000000001
21009,115780.65000000001
21011,9185.9
21013,686.35
21015,14396.95
21017,32387.0
21019,1268.9
21021,8731.7
21023,12121.2
21025,2209.3
21027,101383.45
21029,10019.05
21031,56856.25
21033,105108.79999999999
21035,151844.35
21037,2523.75
21039,117608.79999999999
21041,4781.0
21043,4031.1
21045,29418.949999999997
21047,361009.55
21049,27689.85
21051,10187.45
21053,4645.0
21055,73781.55
21057,7721.349999999999
21059,285721.0
21061,18968.25
21063,2069.6
21065,4876.55
21067,16649.9
21069,38163.1
21071,678.6500000000001
21073,8070.900000000001
21075,133693.95
21077,11994.3
21079,21585.1
21081,10548.65
21083,290272.05
21085,46253.049999999996
21087,70756.95
21089,5292.7
21091,20856.5
21093,77266.25
21095,845.75
21097,38028.0
21099,32071.600000000002
21101,220472.75
21103,33587.25
21105,171197.0
21107,104766.40000000001
21109,3030.9
21111,3176.15
21113,7792.55
21115,1280.25
21117,2942.4
21119,523.85
21121,2830.2
21123,61836.799999999996
21125,8613.4
21127,1727.75
21129,1053.35
21131,69.05000000000001
21133,583.6
21135,28872.300000000003
21137,31238.350000000002
21139,51909.450000000004
21141,241184.5
21143,14567.099999999999
21145,65325.15
21147,1511.6000000000001
21149,145120.3
21151,10389.0
21153,1824.3500000000001
21155,52964.6
21157,54276.1
21159,376.59999999999997
21161,36782.25
21163,54792.05
21165,4362.3
21167,19302.45
21169,47246.75
21171,44872.15
21173,10521.1
21175,5420.650000000001
21177,70883.5
21179,78178.85
21181,25134.300000000003
21183,94587.6
21185,11789.9
21187,22149.5
21189,2782.0499999999997
21191,9580.35
21193,1327.5
21195,1736.65
21197,8181.25
21199,63429.15
21201,924.15
21203,6801.349999999999
21205,4591.25
21207,17239.9
21209,21264.95
21211,79591.55
21213,123157.1
21215,24174.550000000003
21217,43163.200000000004
21219,184114.4
21221,105098.05
21223,21538.0
21225,264923.6
21227,108303.15000000001
21229,14167.9
21231,26142.899999999998
21233,153163.25
21235,4114.95
21237,2088.5
21239,21192.149999999998
22001,172551.19999999998
22003,30950.75
22005,23515.0
22007,33735.95
22009,368043.25
22011,20691.4
22013,2314.7
22015,51503.1
22017,231386.05
22019,35702.45
22021,60819.549999999996
22023,18559.2
22025,381704.0
22027,10334.25
22029,451359.60000000003
22031,34227.05
22033,14105.5
22035,691864.15
22037,12601.75
22039,152417.8
22041,419052.4
22043,38860.05
22045,45647.95
22047,41859.6
22049,1944.1
22051,1490.75
22053,111213.9
22055,53849.700000000004
22057,16966.75
22059,5236.2
22061,8119.15
22063,709.1999999999999
22065,674772.95
22067,612673.25
22069,114141.25
22071,1110.45
22073,162359.44999999998
22075,5688.15
22077,185569.35
22079,232814.1
22081,41276.65
22083,419888.85
22085,6810.0
22087,1428.3
22089,3268.5499999999997
22091,3489.4500000000003
22093,17612.8
22095,7971.199999999999
22097,312937.2
22099,50814.35
22101,18080.35
22103,1983.6000000000001
22105,19613.5
22107,588903.8
22109,10225.05
22111,7236.650000000001
22113,95078.7
22115,5120.95
22117,38615.05
22119,11818.949999999999
22121,23114.9
22123,286526.55
22125,98122.3
22127,2804.5
23001,7897.0
23003,253919.0
23005,4422.15
23007,1754.7
23009,982.5999999999999
23011,10120.65
23013,3561.55
23015,4171.55
23017,19168.399999999998
23019,21810.5
23021,1540.7
23023,3435.2
23025,9669.6
23027,4228.849999999999
23029,2817.45
23031,5553.0
24001,6934.75
24003,15230.1
24005,94935.95
24009,12591.0
24011,208254.25
24013,192473.15
24015,84833.75
24017,24705.100000000002
24019,95112.9
24021,226243.75
24023,35484.95
24025,97775.3
24027,22248.600000000002
24029,219010.6
24031,77655.6
24033,15878.65
24035,279035.9
24037,48349.950000000004
24039,41228.4
24041,162271.4
24043,148482.8
24045,60746.950000000004
24047,74903.55
25001,1091.75
25003,7613.65
25005,8923.05
25007,1469.9
25009,7500.2
25011,24794.65
25013,10745.949999999999
25015,23189.4
25017,10951.8
25019,788.2
25021,1991.5
25023,7529.2
25025,453.8
25027,38444.200000000004
26001,5510.1
26003,2399.75
26005,194602.8
26007,23974.05
26009,37502.95
26011,71860.0
26013,3913.85
26015,103525.55
26017,231629.65
26019,10963.65
26021,189450.65000000002
26023,227524.05000000002
26025,182913.15000000002
26027,179656.2
26029,6442.05
26031,1274.55
26033,4860.1
26035,11563.55
26037,189059.1
26039,506.9
26041,33102.55
26043,12883.85
26045,171407.8
26047,3129.4
26049,102514.2
26051,20711.95
26053,2177.65
26055,30794.4
26057,206108.8
26059,203883.15
26061,4491.900000000001
26063,486682.15
26065,145086.55000000002
26067,199937.0
26069,19956.949999999997
26071,17295.75
26073,97028.90000000001
26075,117155.45
26077,106370.9
26079,30021.800000000003
26081,242914.6
26083,150.35000000000002
26085,8998.4
26087,118810.09999999999
26089,51382.2
26091,338487.45
26093,56343.1
26095,12273.499999999998
26097,16699.0
26099,83487.85
26101,16801.4
26103,2778.2000000000003
26105,206956.15
26107,36625.9
26109,83617.25
26111,47560.9
26113,47024.9
26115,201947.0
26117,181300.25
26119,5966.8
26121,92942.5
26123,86590.05
26125,17812.3
26127,744683.25
26129,13376.300000000001
26131,15504.9
26133,19434.95
26135,15366.15
26137,19093.749999999996
26139,178887.0
26141,53709.350000000006
26143,2879.35
26145,287949.3
26147,138617.3
26149,282074.3
26151,351576.85
26153,4239.55
26155,167123.05
26157,299059.05
26159,142482.6
26161,138551.19999999998
26163,9093.449999999999
26165,22558.6
27001,8211.6
27003,17503.95
27005,171449.75
27007,32896.3
27009,205029.30000000002
27011,216682.34999999998
27013,394180.35000000003
27015,364867.6
27017,2053.3
27019,104254.95
27021,24517.95
27023,410977.05
27025,53818.2
27027,485191.95
27029,43561.9
27031,155.7
27033,422867.3
27035,13067.6
27037,254196.8
27039,261291.55
27041,149460.4
27043,446332.95
27045,260301.19999999998
27047,433215.9
27049,333084.8
27051,302552.45
27053,25764.05
27055,87242.05
27057,41897.3
27059,80957.1
27061,19448.6
27063,401497.2
27065,32869.9
27067,408350.0
27069,295945.7
27071,22200.9
27073,323878.0
27075,155.35
27077,59828.65
27079,223256.15
27081,279632.65
27083,421701.15
27085,211314.0
27087,150538.25
27089,440805.95000000007
27091,502706.15
27093,210460.19999999998
27095,53013.1
27097,195520.2
27099,438820.8
27101,437518.95
27103,263256.8
27105,481995.45
27107,369682.14999999997
27109,221540.09999999998
27111,393122.5
27113,148528.95
27115,41424.5
27117,250362.35
27119,643801.1
27121,255761.75
27123,4225.1
27125,142613.6
27127,607921.85
27129,728970.9
27131,185575.0
27133,314399.35
27135,241370.94999999998
27137,46174.5
27139,87739.95
27141,358027.0
27143,313840.75
27145,352833.39999999997
27147,260091.8
27149,284503.7
27151,288481.6
27153,153947.95
27155,343393.1
27157,146386.1
27159,55680.95
27161,266030.6
27163,45973.25
27165,260990.35
27167,472765.5
27169,147602.05000000002
27171,152820.65
27173,324912.0
28001,33277.25
28003,60394.45
28005,7495.150000000001
28007,18732.600000000002
28009,47431.6
28011,657744.7000000001
28013,109258.55
28015,159749.6
28017,82558.8
28019,12542.15
28021,23892.05
28023,4015.5
28025,20419.45
28027,644381.85
28029,9935.050000000001
28031,16250.15
28033,128128.04999999999
28035,9632.050000000001
28037,5355.55
28039,39713.45
28041,40046.55
28043,10080.55
28045,4153.4
28047,2180.55
28049,57569.15
28051,319662.55000000005
28053,307277.7
28055,197960.35
28057,25993.45
28059,14595.4
28061,7513.5
28063,7945.1
28065,11984.15
28067,15853.25
28069,5652.85
28071,36623.95
28073,7556.95
28075,4605.05
28077,24950.95
28079,12630.5
28081,118963.15
28083,554105.3
28085,9768.300000000001
28087,94914.5
28089,99615.2
28091,7850.55
28093,79146.95
28095,111334.1
28097,35928.65
28099,8373.55
28101,18636.7
28103,168603.2
28105,17519.95
28107,197834.45
28109,9706.699999999999
28111,10261.65
28113,5245.150000000001
28115,81782.55
28117,59954.05
28119,286265.9
28121,50176.35
28123,30519.55
28125,313302.9
28127,28277.45
28129,11849.449999999999
28131,10318.25
28133,733838.4
28135,475872.14999999997
28137,93149.05
28139,48759.0
28141,28434.05
28143,423147.3
28145,58328.65
28147,22722.65
28149,81073.4
28151,789664.2
28153,10860.95
28155,71585.25
28157,12810.5
28159,11551.4
28161,39277.799999999996
28163,348693.5
29001,121523.8
29003,202264.1
29005,425004.8
29007,406774.4
29009,45797.85
29011,218802.0
29013,261618.55000000002
29015,40510.7
29017,42378.2
29019,108320.90000000001
29021,189723.65
29023,340716.3
29025,144715.95
29027,135810.65
29029,3285.75
29031,275324.4
29033,463623.25
29035,1346.5
29037,178870.25
29039,21308.05
29041,373030.7
29043,9773.75
29045,222574.9
29047,59629.3
29049,181747.9
29051,27919.95
29053,153133.15
29055,9985.35
29057,93458.55
29059,9272.75
29061,176363.8
29063,136485.15
29065,9179.25
29067,10130.45
29069,667479.3
29071,85248.0
29073,50948.75
29075,130525.84999999999
29077,22667.65
29079,183521.1
29081,241884.59999999998
29083,164834.0
29085,12741.9
29087,291810.85
29089,117135.4
29091,16845.8
29093,2513.55
29095,69910.6
29097,128157.95
29099,17907.15
29101,170108.1
29103,151338.05
29105,12721.95
29107,308656.45
29109,57562.549999999996
29111,172606.0
29113,214615.65
29115,197997.75
29117,281769.4
29119,14451.4
29121,260588.90000000002
29123,3674.5
29125,13623.699999999999
29127,230493.69999999998
29129,94123.45
29131,12609.25
29133,406993.9
29135,63393.7
29137,233349.7
29139,199267.15
29141,43262.05
29143,895541.1
29145,38356.25
29147,394610.35000000003
29149,7927.650000000001
29151,39720.3
29153,8684.4
29155,570723.35
29157,138287.4
29159,220541.45
29161,4033.15
29163,223539.25
29165,158545.5
29167,25857.95
29169,3104.85
29171,89406.3
29173,194203.7
29175,134321.1
29177,198293.05000000002
29179,1770.0500000000002
29181,21676.95
29183,185521.30000000002
29185,73601.5
29186,70045.95
29187,12220.95
29189,22159.65
29195,433240.2
29197,61229.05
29199,177237.05
29201,339923.64999999997
29203,4028.7500000000005
29205,238012.0
29207,878404.2999999999
29209,11206.35
29211,95483.35
29213,4408.7
29215,19225.0
29217,246663.94999999998
29219,108910.75
29221,6035.15
29223,22518.25
29225,18899.05
29227,55899.75
29229,13571.85
30001,15920.2
30003,80608.35
30005,252754.2
30007,84270.40000000001
30009,45224.4
30011,31000.649999999998
30013,227560.09999999998
30015,677644.65
30017,22485.05
30019,185757.6
30021,144922.94999999998
30023,7864.650000000001
30025,29646.2
30027,251202.44999999998
30029,24818.5
30031,270636.6
30033,83601.35
30035,208448.95
30037,27815.1
30039,10081.199999999999
30041,607680.0
30043,9954.95
30045,100706.25
30047,64601.450000000004
30049,22726.3
30051,381169.05
30053,5380.2
30055,241788.05
30057,30988.45
30059,23745.7
30061,1055.55
30063,2893.5
30065,43880.75
30067,25614.800000000003
30069,31210.6
30071,184486.95
30073,276021.2
30075,15244.6
30077,6603.55
30079,34347.0
30081,7978.5
30083,200490.55
30085,295479.5
30087,45160.799999999996
30089,5957.7
30091,365526.39999999997
30093,2356.5499999999997
30095,54478.1
30097,15053.25
30099,180753.44999999998
30101,337991.3
30103,37564.45
30105,329223.2
30107,42997.1
30109,25241.4
30111,111754.79999999999
31001,699991.2
31003,453574.95
31005,4393.900000000001
31007,115692.35
31009,3734.75
31011,407331.15
31013,338852.6
31015,94769.1
31017,43165.7
31019,460107.4
31021,357541.75000000006
31023,423383.2
31025,415738.80000000005
31027,499830.89999999997
31029,437233.0
31031,80721.3
31033,301753.65
31035,454584.64999999997
31037,319131.05
31039,444730.4
31041,592951.15
31043,195938.05
31045,66977.1
31047,424194.65
31049,162361.49999999997
31051,298072.75
31053,440803.64999999997
31055,103513.0
31057,228486.2
31059,536845.6
31061,390668.9
31063,249093.45
31065,530576.4
31067,693461.55
31069,117912.5
31071,17654.25
31073,313162.15
31075,640.15
31077,194919.65
31079,447928.1
31081,432322.75
31083,430378.3
31085,217038.2
31087,219865.35
31089,379536.2
31091,1026.0
31093,248054.6
31095,446835.8
31097,188297.35
31099,557151.65
31101,253205.90000000002
31103,47163.85
31105,176573.09999999998
31107,320820.3
31109,461488.0
31111,484241.85000000003
31113,38284.950000000004
31115,7088.85
31117,3625.15
31119,395810.35000000003
31121,275039.85
31123,237187.15
31125,209543.55
31127,365936.25
31129,426427.30000000005
31131,527236.75
31133,266160.95
31135,520966.55
31137,646850.05
31139,344005.45
31141,466458.55000000005
31143,310071.5
31145,286562.2
31147,419189.1
31149,47022.450000000004
31151,503165.0
31153,125628.35
31155,571930.5
31157,260732.8
31159,407898.7
31161,197023.9
31163,211616.0
31165,46668.75
31167,249715.9
31169,421095.45
31171,1316.05
31173,263809.6
31175,213331.8
31177,280246.75
31179,355982.7
31181,362755.3
31183,41655.200000000004
31185,493710.75000000006
32001,19276.15
32003,5457.9
32005,3895.35
32007,11928.05
32009,19718.1
32011,13169.199999999999
32013,24688.75
32015,11180.25
32017,64104.15
32019,171618.09999999998
32021,3246.35
32023,14561.55
32027,16276.85
32029,92.2
32031,3949.25
32033,37120.3
32510,330.3
33001,1698.5
33003,2619.1
33005,3664.4
33007,2619.3
33009,5779.7
33011,9688.4
33013,6612.8
33015,11533.65
33017,2037.95
33019,4337.75
34001,6460.95
34003,22892.65
34005,37132.65
34007,5669.0
34009,4236.5
34011,27226.3
34013,20107.25
34015,36218.7
34019,51257.05
34021,12466.7
34023,13340.05
34025,18444.899999999998
34027,17604.05
34029,4721.2
34031,20154.55
34033,74757.65
34035,7989.65
34037,22762.45
34039,677.2
34041,62643.5
35001,5408.25
35003,20642.1
35005,105847.49999999999
35006,3054.85
35007,7623.7
35009,155865.80000000002
35011,9513.3
35013,234900.15
35015,79161.55
35017,10803.4
35019,13399.2
35021,2799.95
35023,20907.95
35025,143674.9
35027,3426.35
35028,670.4
35029,62693.7
35031,8611.35
35033,6784.6
35035,3863.85
35037,57117.35
35039,14603.95
35041,138198.9
35043,7828.299999999999
35045,68478.8
35047,7723.700000000001
35049,20640.5
35051,37318.05
35053,34623.9
35055,10242.150000000001
35057,30710.9
35059,37560.1
35061,14477.35
36001,10481.6
36003,45851.95
36007,75670.5
36009,48028.75
36011,165688.0
36013,80605.40000000001
36015,104308.3
36017,29703.45
36019,82244.3
36021,62649.0
36023,34764.299999999996
36025,13211.25
36027,17289.4
36029,34823.65
36031,4291.099999999999
36033,29609.65
36035,4800.05
36037,112933.05
36039,4912.45
36041,949.0
36043,32677.85
36045,45718.85
36047,159.45000000000002
36049,32109.45
36051,73153.0
36053,68377.0
36055,71733.4
36057,37886.8
36059,2107.7
36061,0.2
36063,119943.7
36065,73574.9
36067,101940.7
36069,83586.4
36071,44832.35
36073,247488.05
36075,41578.85
36077,30265.35
36079,2802.4
36081,6439.5
36083,27708.149999999998
36085,1193.1
36087,1575.05
36089,44591.5
36091,26389.7
36093,5934.1
36095,23178.95
36097,52986.35
36099,56064.25
36101,168905.55
36103,43974.2
36105,2062.85
36107,73119.90000000001
36109,100984.75
36111,81710.35
36113,1676.9
36115,51870.4
36117,560810.6
36119,3266.05
36121,104299.55
36123,30037.949999999997
37001,30831.65
37003,30688.6
37005,11368.85
37007,53470.95
37009,15102.5
37011,3771.55
37013,304461.2
37015,328945.7
37017,121954.4
37019,48381.3
37021,5553.6
37023,7221.349999999999
37025,35398.549999999996
37027,6357.0
37029,97567.4
37031,20975.25
37033,36627.05
37035,30764.4
37037,35565.5
37039,2380.6
37041,122827.35
37043,6527.65
37045,71087.9
37047,300716.85
37049,212507.0
37051,145709.15
37053,67258.6
37055,12766.1
37057,34052.8
37059,32650.35
37061,369086.45
37063,5476.7
37065,359795.45
37067,13332.55
37069,68197.3
37071,12667.0
37073,124185.85
37075,3341.85
37077,54969.05
37079,300572.1
37081,46979.2
37083,414262.95
37085,460809.85
37087,12799.199999999999
37089,77060.4
37091,210771.3
37093,63427.0
37095,210787.75
37097,46197.7
37099,13997.699999999999
37101,577385.0
37103,151826.55
37105,106644.5
37107,389264.35
37109,35301.8
37111,5558.85
37113,4936.45
37115,7792.05
37117,363636.39999999997
37119,6700.7
37121,3255.15
37123,18269.5
37125,104634.35
37127,381287.7
37129,3765.65
37131,286320.9
37133,97081.2
37135,27476.7
37137,86843.3
37139,147265.65
37141,65519.3
37143,150117.1
37145,79513.15
37147,556860.25
37149,7387.25
37151,62563.65
37153,31779.899999999998
37155,474183.2
37157,71538.45
37159,52626.8
37161,7714.25
37163,798052.6
37165,56912.9
37167,100358.95
37169,27263.35
37171,75612.4
37173,1598.55
37175,5407.55
37177,95193.85
37179,263823.1
37181,35368.35
37183,192404.1
37185,30867.5
37187,152701.8
37189,10072.85
37191,529130.3
37193,34459.05
37195,571969.4
37197,76395.7
37199,3249.5
38001,158726.25
38003,691221.9
38005,317649.35000000003
38007,34819.8
38009,549963.4500000001
38011,100165.4
38013,142713.45
38015,321419.15
38017,934334.25
38019,643589.2
38021,539975.5499999999
38023,237529.4
38025,178199.7
38027,144469.5
38029,481473.25
38031,302717.8
38033,97037.9
38035,1703437.15
38037,182722.05
38039,219936.05000000002
38041,249253.80000000002
38043,593557.8
38045,671658.15
38047,194768.85
38049,348366.35
38051,196056.40000000002
38053,205666.15
38055,479842.4
38057,143699.65
38059,283247.94999999995
38061,333867.85
38063,474705.35
38065,135959.75
38067,716632.9
38069,215497.5
38071,577996.4
38073,420203.7
38075,372149.55
38077,899792.85
38079,280850.7
38081,536876.5
38083,265799.25
38085,161944.80000000002
38087,99368.95
38089,207821.6
38091,351094.55000000005
38093,744970.3
38095,486830.35
38097,607573.6
38099,2834889.2
38101,581838.2000000001
38103,382176.25
38105,433479.55
39001,50244.45
39003,214465.2
39005,107948.95
39007,68110.3
39009,12228.55
39011,204837.95
39013,3080.5
39015,120031.65000000001
39017,105199.95
39019,20527.100000000002
39021,186216.90000000002
39023,169365.4
39025,74763.7
39027,261166.69999999998
39029,70866.1
39031,39819.4
39033,264612.25
39035,1268.15
39037,351898.35
39039,222684.9
39041,125025.1
39043,89197.34999999999
39045,167927.7
39047,218979.25
39049,46644.450000000004
39051,228775.35
39053,15179.7
39055,18066.4
39057,198505.05
39059,22992.9
39061,11715.05
39063,260864.25
39065,261771.05
39067,7159.85
39069,264676.45
39071,188201.15
39073,11482.2
39075,41247.7
39077,233318.95
39079,6990.75
39081,2954.75
39083,133336.0
39085,2767.05
39087,3718.8
39089,158212.85
39091,192702.69999999998
39093,100502.35
39095,78175.75
39097,268239.25
39099,49556.1
39101,208029.65
39103,61560.85
39105,21401.45
39107,268587.4
39109,173082.69999999998
39111,5534.45
39113,121988.3
39115,20735.25
39117,147844.1
39119,79750.55
39121,3261.25
39123,115711.15000000001
39125,227166.65000000002
39127,68055.75
39129,306909.3
39131,42587.450000000004
39133,44121.95
39135,250595.5
39137,324209.0
39139,111915.75
39141,141074.45
39143,199111.45
39145,26997.850000000002
39147,269151.45
39149,212202.15
39151,74786.75
39153,10572.35
39155,66936.15000000001
39157,31168.2
39159,206624.05000000002
39161,282713.89999999997
39163,10241.15
39165,88695.90000000001
39167,48719.6
39169,157934.8
39171,203398.35
39173,288444.9
39175,239261.25
40001,37900.85
40003,175007.7
40005,20751.75
40007,196083.7
40009,69756.3
40011,71880.5
40013,41675.75
40015,172323.2
40017,113654.6
40019,31598.2
40021,38266.65
40023,34540.700000000004
40025,412643.85000000003
40027,13279.7
40029,21400.55
40031,91300.05
40033,77247.8
40035,37307.6
40037,32338.75
40039,114407.55
40041,18708.15
40043,29800.850000000002
40045,49047.95
40047,362554.8
40049,95852.5
40051,122711.90000000001
40053,394364.45
40055,72469.65
40057,109801.35
40059,60803.00000000001
40061,46577.200000000004
40063,91276.6
40065,455627.85000000003
40067,36143.55
40069,13418.8
40071,580079.1
40073,118833.84999999999
40075,213250.25000000003
40077,16430.5
40079,63717.700000000004
40081,64105.6
40083,59933.700000000004
40085,16108.1
40087,63282.05
40089,47944.75
40091,43006.200000000004
40093,155510.9
40095,9841.7
40097,25677.649999999998
40099,13297.35
40101,78859.75
40103,224937.55
40105,29935.5
40107,46837.65
40109,29721.499999999996
40111,61029.299999999996
40113,87253.25
40115,40059.799999999996
40117,32184.8
40119,43772.15
40121,104821.45
40123,15399.95
40125,47695.2
40127,20781.8
40129,45790.200000000004
40131,18776.0
40133,29553.8
40135,70669.65
40137,41413.25
40139,1174333.95
40141,464550.2
40143,10133.55
40145,39966.45
40147,22618.300000000003
40149,174621.45
40151,94151.25
40153,56583.1
41001,264026.89999999997
41003,24868.15
41005,78399.95
41007,14734.55
41009,9412.75
41011,27986.65
41013,17049.35
41015,24224.8
41017,11975.2
41019,36365.95
41021,170726.75
41023,18247.65
41025,17275.5
41027,1101093.15
41029,61723.90000000001
41031,54378.0
41033,21851.8
41035,618967.4
41037,21899.2
41039,33884.5
41041,25527.2
41043,49222.450000000004
41045,1299239.45
41047,256067.4
41049,2610620.85
41051,34519.45
41053,64256.0
41055,241261.15
41057,4064.4
41059,1203483.55
41061,62135.2
41063,29957.649999999998
41065,375462.15
41067,67085.9
41069,8071.400000000001
41071,48347.5
42001,482164.6
42003,12980.0
42005,35041.65
42007,12563.15
42009,90553.25
42011,179745.7
42013,66845.1
42015,72444.5
42017,44669.450000000004
42019,45705.7
42021,49308.25
42023,1224.3999999999999
42025,6195.1
42027,89003.8
42029,93420.9
42031,24375.9
42033,14766.25
42035,31992.4
42037,85298.4
42039,127129.95
42041,117372.40000000001
42043,68391.54999999999
42045,2745.3
42047,4545.9
42049,91267.25
42051,45093.45
42053,1769.3
42055,204389.55
42057,19009.45
42059,8634.45
42061,67138.84999999999
42063,55004.35
42065,17327.65
42067,58371.7
42069,13494.8
42071,362649.9
42073,35063.9
42075,86201.5
42077,78232.8
42079,27993.2
42081,67504.95
42083,3147.95
42085,126955.3
42087,58372.6
42089,9829.949999999999
42091,12757.8
42093,34679.35
42095,57067.3
42097,137213.44999999998
42099,84945.0
42101,80.2
42103,5933.2
42105,23218.95
42107,75225.25
42109,99961.2
42111,172339.9
42113,8304.15
42115,23277.05
42117,38621.45
42119,62297.799999999996
42121,30765.05
42123,18867.25
42125,28168.35
42127,11916.55
42129,130326.1
42131,17566.9
42133,214351.85
44001,131.35
44003,275.0
44005,4363.9
44007,4575.1
44009,2460.05
45001,6244.95
45003,121495.65
45005,55293.35
45007,38132.55
45009,93335.5
45011,64568.9
45013,11398.35
45015,14007.8
45017,249701.19999999998
45019,18758.75
45021,29251.5
45023,17723.65
45025,74983.7
45027,242843.15
45029,67441.15
45031,270494.0
45033,142619.8
45035,52966.5
45037,46305.0
45039,1339.45
45041,195914.85
45043,67299.25
45045,21796.75
45047,41170.05
45049,100105.4
45051,577521.65
45053,3670.0
45055,20396.5
45057,24416.100000000002
45059,16657.45
45061,191860.7
45063,72630.55
45065,1142.6
45067,77822.2
45069,148270.35
45071,54156.200000000004
45073,28814.1
45075,427030.75
45077,9044.45
45079,48084.549999999996
45081,50119.0
45083,58977.65
45085,193505.75
45087,17978.45
45089,202846.6
45091,21025.45
46003,202004.75
46005,535678.2
46007,101527.95
46009,195567.75
46011,386475.25
46013,785311.7000000001
46015,217007.55000000002
46017,71201.34999999999
46019,23696.1
46021,174675.0
46023,329405.25
46025,396928.05
46027,205694.1
46029,205360.2
46031,90459.25
46033,7178.0
46035,252000.15
46037,384974.9
46039,176593.25
46041,32281.5
46043,178420.6
46045,482905.2
46047,9956.35
46049,333061.7
46051,259608.15
46053,139367.9
46055,175611.3
46057,227311.15
46059,554922.5
46061,300396.55
46063,23424.4
46065,153596.44999999998
46067,322273.05
46069,141556.9
46071,61503.3
46073,208235.9
46075,149043.2
46077,485666.55
46079,290939.85
46081,3669.4
46083,259460.3
46085,268051.25
46087,384159.35
46089,197230.0
46091,267902.45
46093,84595.75
46095,37813.15
46097,268849.75
46099,422717.1
46101,305181.64999999997
46102,30382.95
46103,83976.2
46105,37529.25
46107,283382.0
46109,398815.85
46111,204618.90000000002
46115,754303.9000000001
46117,119278.7
46119,334229.85000000003
46121,26431.899999999998
46123,219646.6
46125,337414.85
46127,261336.80000000002
46129,186858.5
46135,227467.25
46137,85162.95
47001,3504.0
47003,68775.15000000001
47005,30688.3
47007,19616.85
47009,18171.75
47011,19769.95
47013,3051.5
47015,39515.3
47017,246747.05000000002
47019,8321.85
47021,27963.75
47023,66498.1
47025,17049.5
47027,23539.600000000002
47029,13294.05
47031,144517.7
47033,350762.25
47035,23259.5
47037,2802.6
47039,17320.95
47041,13962.25
47043,24541.3
47045,485201.95
47047,370867.3
47049,18974.65
47051,90304.4
47053,579180.35
47055,55769.25
47057,11010.05
47059,46683.9
47061,12396.2
47063,17888.3
47065,4913.6
47067,8043.0
47069,142201.8
47071,101068.35
47073,22057.4
47075,461815.7
47077,73476.5
47079,241754.3
47081,32571.9
47083,3959.1
47085,17813.25
47087,5286.05
47089,20195.45
47091,5622.55
47093,9135.8
47095,161294.75
47097,253742.55000000002
47099,180195.35
47101,2745.35
47103,115736.5
47105,27420.85
47107,34132.2
47109,98759.3
47111,94918.2
47113,231773.69999999998
47115,28462.05
47117,34446.899999999994
47119,59564.8
47121,11609.45
47123,47628.700000000004
47125,89212.0
47127,4784.05
47129,7446.849999999999
47131,303367.15
47133,20700.75
47135,12931.199999999999
47137,6902.400000000001
47139,16877.75
47141,21913.3
47143,6584.9
47145,4428.75
47147,224237.90000000002
47149,39927.2
47151,2422.9500000000003
47153,7079.0
47155,5606.1
47157,85304.6
47159,48891.700000000004
47161,16397.35
47163,12455.1
47165,63898.6
47167,280134.10000000003
47169,5090.25
47171,682.3000000000001
47173,4842.5
47175,7494.650000000001
47177,88454.7
47179,26858.05
47181,24322.45
47183,351842.85
47185,34137.0
47187,30519.95
47189,20173.1
48001,79607.09999999999
48003,51638.4
48005,10588.7
48007,1668.1000000000001
48009,10134.2
48011,47556.6
48013,15283.599999999999
48015,48774.3
48017,324247.25
48019,703.5
48021,24676.899999999998
48023,84088.2
48025,107025.0
48027,114095.1
48029,57992.55
48031,7788.35
48033,51455.2
48035,42268.2
48037,62298.6
48039,84419.3
48041,86164.15
48043,1916.2
48045,110355.35
48047,5121.3
48049,11494.3
48051,78659.15000000001
48053,6683.450000000001
48055,99144.45
48057,71677.0
48059,10644.55
48061,195882.44999999998
48063,15214.25
48065,344534.9
48067,22774.350000000002
48069,283578.2
48071,24772.95
48073,55254.55
48075,36725.45
48077,12207.35
48079,581666.65
48081,7983.900000000001
48083,63917.899999999994
48085,50430.15
48087,79354.75
48089,121610.1
48091,13960.45
48093,23694.9
48095,101018.2
48097,34366.8
48099,38464.2
48101,27739.15
48103,435.5
48105,615.35
48107,594339.0499999999
48109,3548.65
48111,307467.94999999995
48113,7430.8
48115,970737.75
48117,390421.35
48119,26867.95
48121,41485.5
48123,49110.25
48125,34107.75
48127,9332.7
48129,30275.85
48131,10483.050000000001
48133,12133.25
48135,1923.1
48137,1589.7
48139,139220.55000000002
48141,18183.55
48143,19171.35
48145,100595.8
48147,74445.5
48149,67112.3
48151,254301.7
48153,441251.1
48155,7692.35
48157,163890.65
48159,23613.05
48161,56805.149999999994
48163,40487.6
48165,1206374.1500000001
48167,3945.3500000000004
48169,37864.1
48171,13875.3
48173,428122.60000000003
48175,52886.9
48177,46511.4
48179,91639.75
48181,71880.35
48183,8169.150000000001
48185,57245.65
48187,122288.55
48189,489392.5
48191,101716.25
48193,27178.95
48195,279296.85
48197,8704.55
48199,6697.0
48201,20184.100000000002
48203,26953.35
48205,286959.9
48207,369313.35
48209,37735.5
48211,8524.300000000001
48213,50101.85
48215,265600.0
48217,180871.65
48219,538075.15
48221,5344.7
48223,70058.5
48225,75300.6
48227,251124.5
48229,32040.35
48231,54288.450000000004
48233,80881.35
48235,8701.800000000001
48237,5071.85
48239,221712.05
48241,9245.300000000001
48243,1983.15
48245,33046.9
48247,5448.6
48249,227643.7
48251,53951.200000000004
48253,329190.14999999997
48255,82652.4
48257,49866.2
48259,5643.7
48261,4019.8
48263,4770.15
48265,3321.3
48267,1691.8999999999999
48269,3044.25
48271,6758.35
48273,126694.70000000001
48275,63613.45
48277,62775.75
48279,588953.9
48281,3452.4
48283,7734.5
48285,41730.7
48287,22671.35
48289,62818.450000000004
48291,30153.5
48293,36344.9
48295,71449.3
48297,29438.85
48299,8889.25
48301,71.8
48303,896991.55
48305,991848.95
48307,34978.950000000004
48309,152633.1
48311,4763.1
48313,53933.15
48315,6488.5
48317,528770.7999999999
48319,2917.35
48321,160381.5
48323,3979.3
48325,169355.0
48327,1707.85
48329,40123.5
48331,98788.6
48333,17582.95
48335,132062.8
48337,11675.0
48339,16161.25
48341,238202.95
48343,11523.550000000001
48345,10668.300000000001
48347,46038.65000000001
48349,93642.65
48351,4183.65
48353,212941.0
48355,598266.9
48357,295308.65
48359,38945.9
48361,3029.75
48363,6535.7
48365,33621.1
48367,9720.4
48369,306759.7
48371,8446.1
48373,8960.45
48375,21789.199999999997
48377,841.45
48379,19462.95
48381,98047.3
48383,110411.05
48385,1805.55
48387,94632.0
48389,5103.95
48391,113392.5
48393,12558.6
48395,237002.75
48397,16836.65
48399,291441.14999999997
48401,39471.55
48403,6269.099999999999
48405,7761.35
48407,18292.7
48409,400596.75
48411,25601.0
48413,38117.85
48415,218020.75
48417,6659.0
48419,37272.65
48421,416071.4
48423,43199.1
48425,2129.6
48427,40647.35
48429,4005.55
48431,4115.6
48433,80169.75
48435,1069.25
48437,282652.0
48439,11168.2
48441,97915.6
48443,3170.95
48445,874366.25
48447,13231.8
48449,30235.899999999998
48451,217799.35
48453,74995.5
48455,12790.050000000001
48457,7278.0
48459,31376.7
48461,123993.5
48463,80501.8
48465,1636.1499999999999
48467,79158.2
48469,122997.65
48471,31195.75
48473,102199.09999999999
48475,1397.6
48477,22677.350000000002
48479,8822.5
48481,353249.7
48483,18380.3
48485,32569.95
48487,69160.35
48489,232221.4
48491,182094.85
48493,67121.15
48495,83.5
48497,9863.65
48499,51990.7
48501,526498.9
48503,9779.25
48505,8334.25
48507,48560.95
49001,29842.8
49003,66257.84999999999
49005,52377.1
49007,9010.9
49009,4334.3
49011,3696.6
49013,48392.5
49015,18181.45
49017,10331.85
49019,9473.05
49021,51466.2
49023,12415.4
49025,2528.1499999999996
49027,52020.15
49029,5946.85
49031,6201.9
49033,7647.299999999999
49035,3173.4
49037,27438.649999999998
49039,23180.2
49041,23667.25
49043,12946.7
49045,8116.900000000001
49047,44395.0
49049,67284.75
49051,9218.2
49053,6661.5
49055,9521.750000000002
49057,10639.2
50001,54911.55
50003,7129.2
50005,8414.5
50007,8829.15
50009,3418.4
50011,53276.1
50013,6038.05
50015,8932.7
50017,10408.75
50019,29405.45
50021,11519.800000000001
50023,5897.45
50025,8561.25
50027,6499.9
51001,90610.75
51003,14845.6
51005,2679.75
51007,42487.85
51009,5248.5
51011,11340.45
51015,173085.19999999998
51017,7449.099999999999
51019,13030.9
51021,6743.650000000001
51023,18192.5
51025,58230.85
51027,2220.7
51029,11327.65
51031,18404.2
51033,76637.75
51035,29222.7
51036,30456.1
51037,31331.55
51041,7719.7
51043,26113.4
51045,3912.75
51047,74287.55
51049,6800.2
51051,3673.7999999999997
51053,91364.15000000001
51057,72997.20000000001
51059,2047.55
51061,79085.59999999999
51063,17321.05
51065,3926.95
51067,52161.700000000004
51069,225892.5
51071,5307.349999999999
51073,23777.7
51075,18135.25
51077,18602.15
51079,3245.2
51081,83989.2
51083,48295.4
51085,90563.75
51087,12158.4
51089,7530.2
51091,5886.2
51093,132225.15
51095,3775.7
51097,54128.65
51099,17040.1
51101,36375.95
51103,18402.95
51105,13750.9
51107,52672.950000000004
51109,13881.4
51111,47189.4
51113,51999.85
51115,8481.300000000001
51117,129418.8
51119,24109.75
51121,23301.85
51125,16744.15
51127,19065.7
51131,52057.9
51133,53069.950000000004
51135,10897.35
51137,30765.75
51139,31155.2
51141,10784.0
51143,94574.95
51145,10827.95
51147,9022.1
51149,54235.4
51153,15879.5
51155,13824.5
51157,16100.2
51159,44494.35
51161,2090.0
51163,21390.1
51165,197111.1
51167,15038.8
51169,8875.65
51171,71130.1
51173,18792.6
51175,258797.30000000002
51177,13031.5
51179,23343.199999999997
51181,59967.85
51183,108022.9
51185,15077.25
51187,8386.25
51191,29356.8
51193,56700.4
51195,4421.05
51197,42115.75
51199,642.1
51550,75602.7
51800,153499.4
51810,42521.700000000004
53001,3006917.65
53003,33881.65
53005,4008838.9000000004
53007,1522230.75
53009,24528.850000000002
53011,15136.4
53013,110472.45
53015,46388.0
53017,568898.25
53019,25511.85
53021,4221442.55
53023,81556.65000000001
53025,8070082.25
53027,26723.0
53029,5725.3
53031,2186.0
53033,13535.75
53035,5136.35
53037,84433.15000000001
53039,192738.6
53041,10475.800000000001
53043,540466.15
53045,22120.1
53047,1174076.7
53049,10727.699999999999
53051,44861.15
53053,10122.35
53055,7582.85
53057,578733.85
53059,47473.299999999996
53061,65611.3
53063,111843.55
53065,40950.2
53067,7222.6
53069,27750.300000000003
53071,3007198.6999999997
53073,182699.94999999998
53075,582886.75
53077,4136141.85
54001,921.4
54003,57944.95
54005,846.85
54007,1286.65
54009,1531.7
54011,1290.95
54013,618.85
54015,1175.3500000000001
54017,1317.7
54019,1171.1
54021,528.55
54023,2779.15
54025,12020.3
54027,8874.4
54029,257.55
54031,27350.35
54033,1385.8500000000001
54035,1654.15
54037,64110.7
54039,1203.7
54041,1989.8
54043,1035.0
54045,108.9
54047,1059.55
54049,825.45
54051,2646.0
54053,20741.85
54055,1639.75
54057,6332.6
54059,320.25
54061,949.0
54063,6365.75
54065,2052.6
54067,1157.5
54069,2464.05
54071,11086.75
54073,1396.0
54075,4089.6
54077,9807.55
54079,704.9
54081,1216.45
54083,4907.5
54085,1118.6
54087,1121.6000000000001
54089,1275.75
54091,1353.25
54093,1529.5
54095,496.05
54097,927.75
54099,1365.4
54101,989.45
54103,350.5
54105,1553.15
54107,2176.9
54109,136.1
55001,411208.8
55003,6885.45
55005,143643.55000000002
55007,7499.450000000001
55009,109023.2
55011,121769.1
55013,39788.95
55015,105097.2
55017,138168.05
55019,174126.9
55021,236159.7
55023,68287.1
55025,372504.4
55027,323256.7
55029,64869.25
55031,1802.5
55033,203212.1
55035,74287.0
55037,19464.399999999998
55039,206824.84999999998
55041,17622.15
55043,287194.05
55045,191857.4
55047,116297.15000000001
55049,172147.44999999998
55051,1119.75
55053,91456.15
55055,180608.3
55057,112410.55
55059,59671.05
55061,93283.84999999999
55063,62632.55
55065,223947.25
55067,323515.4
55069,16322.1
55071,135650.05
55073,204512.0
55075,76178.35
55077,84438.75
55078,379.90000000000003
55079,4764.45
55081,108840.09999999999
55083,115663.4
55085,17406.15
55087,157330.65
55089,35177.1
55091,51784.5
55093,133564.15
55095,92050.25
55097,949941.65
55099,5785.95
55101,100432.54999999999
55103,78662.55
55105,306607.6
55107,45300.55
55109,169396.7
55111,151996.25
55113,11871.05
55115,138234.6
55117,110965.2
55119,61475.6
55121,162580.35
55123,134476.15
55125,16382.7
55127,165665.30000000002
55129,14937.85
55131,86270.90000000001
55133,59395.3
55135,106671.70000000001
55137,304493.89999999997
55139,102792.35
55141,69947.0
56001,7583.4
56003,88284.8
56005,11392.15
56007,3453.25
56009,9153.25
56011,11519.1
56013,42946.3
56015,67117.4
56017,7058.9
56019,9164.55
56021,102187.85
56023,9306.4
56025,11962.55
56027,9065.65
56029,81813.75
56031,31987.7
56033,13639.75
56035,2663.5
56037,7172.1
56039,910.95
56041,2827.7
56043,31686.95
56045,3635.5
