fips,walkability_index
1001,5.483179347823405
1003,6.812529932533961
1005,5.156174850734466
1007,5.241295630350335
1009,4.674447046558158
1011,4.500982096949769
1013,5.482813150125044
1015,5.730536875768475
1017,5.250827765647667
1019,4.323618148765598
1021,4.714284088242795
1023,3.9437603570116253
1025,5.208594743011768
1027,4.2908257338075195
1029,4.601274155440889
1031,6.013677663454804
1033,6.484799828728782
1035,4.647341644025092
1037,3.447059726745463
1039,5.199191454070574
1041,5.110986897513163
1043,5.098854372889094
1045,5.142635265474815
1047,6.112514260437059
1049,4.864435861376657
1051,5.372884138719906
1053,5.597960422960458
1055,5.932923057941169
1057,4.362285197543503
1059,5.089462726929396
1061,4.6616964251394055
1063,3.85643642695953
1065,4.8934640962600255
1067,4.755791092403002
1069,6.684989267124703
1071,4.708238952609302
1073,8.911161472907468
1075,4.846467618942151
1077,5.993737286552876
1079,3.6584466351644207
1081,6.217199143644824
1083,5.152808823678836
1085,3.7924482220020512
1087,4.652566390315104
1089,7.58862335458895
1091,5.548657317007677
1093,5.090583458375571
1095,5.904850491335289
1097,6.817038819875563
1099,4.529743089117609
1101,11.499140011609864
1103,6.1310966908148705
1105,4.76813198399378
1107,4.408192925438171
1109,5.549461625170704
1111,4.85413159685944
1113,5.973239081833095
1115,5.562061408521132
1117,6.473791502768466
1119,4.688910281085329
1121,5.272974203001291
1123,5.089608557291884
1125,6.693020485281234
1127,5.350304167509791
1129,3.8203048327876585
1131,4.690705276639375
1133,4.989438045509487
2013,5.822822384181313
2016,4.239072463490956
2020,10.016990755575117
2050,4.071784922599169
2060,7.249063670078651
2068,6.000000000000001
2070,4.54599664980603
2090,5.742534929595476
2100,6.474318241926926
2105,6.26039712330863
2110,10.241030003138324
2122,5.879766403364274
2130,7.793091374108157
2150,6.68378635784922
2158,5.430592827416443
2164,6.097212121406546
2170,5.533805639248174
2180,6.993366919269521
2185,4.884131196417985
2188,6.118136367584045
2195,8.226062467915208
2198,6.152275769958295
2220,12.898889906770199
2230,6.833333333
2240,5.196819856640343
2261,5.503888470873777
2275,5.582930756008857
2282,7.166666667
2290,5.203385657249862
4001,4.334552072672269
4003,6.0951926555290905
4005,8.867040610802471
4007,5.52247191010588
4009,5.243477036563822
4011,3.73768939401452
4012,5.053322706333655
4013,11.07851296746863
4015,6.910660441934545
4017,5.351802278284669
4019,9.890744405600962
4021,5.927296148301727
4023,5.583891465006161
4025,7.156107043054255
4027,9.905498430518234
5001,6.37002501269499
5003,5.2123403287618935
5005,5.960374261159732
5007,6.542928025308205
5009,6.185662947614702
5011,5.339879429924096
5013,4.152665641285467
5015,5.233926202153154
5017,5.600468009103732
5019,6.193135284181818
5021,5.489586791414448
5023,5.568813581636702
5025,3.366480265814734
5027,6.337135164171271
5029,5.221642909538554
5031,6.718838989393421
5033,5.827973599171821
5035,8.887380219137434
5037,5.816547044572244
5039,5.408077682018434
5041,6.260564763021284
5043,4.823667711586531
5045,6.5254650808687185
5047,5.18141169863549
5049,3.9394925445581186
5051,6.97406472972651
5053,4.083867816661893
5055,5.7477123157648515
5057,5.504390347429875
5059,5.44659407353204
5061,5.902967610237284
5063,5.519706240099641
5065,5.572694643228852
5067,5.345902274034717
5069,6.224894922134244
5071,4.926609866616675
5073,5.236924559958207
5075,5.700161977321136
5077,4.688089664324431
5079,4.472228307190946
5081,4.355493812164775
5083,5.109428383135681
5085,5.641825702320846
5087,4.2991001079001
5089,4.669485338982784
5091,6.36213883611705
5093,6.090919349586445
5095,5.731250287544075
5097,4.4243671004959415
5099,4.671583728370615
5101,4.70731396554052
5103,5.723851599921347
5105,4.782987793091552
5107,6.008090784887727
5109,5.601067110665433
5111,5.557225409538871
5113,5.38974854938164
5115,6.234457817600339
5117,5.581048843590491
5119,9.82040962785875
5121,4.719242932076918
5123,4.918314697887921
5125,6.02587938213743
5127,4.801570580403084
5129,4.530775379593967
5131,7.09633011916336
5133,5.377333798488688
5135,5.290334252650003
5137,5.287133750856983
5139,5.90227859989482
5141,4.782845840462719
5143,7.798679817656263
5145,5.820512495239899
5147,5.52414914924039
5149,4.947086636064757
6001,14.09955679252941
6003,5.41041303107068
6005,6.512895749990933
6007,7.033565268414656
6009,6.548517003903349
6011,7.159002671735277
6013,11.11967073378642
6015,10.537929064975495
6017,8.427557622432378
6019,10.938836010015773
6021,7.179642972782092
6023,10.777620647150712
6025,8.082656367963217
6027,7.354741498845618
6029,9.94993448884836
6031,10.484049086698091
6033,9.605911330103574
6035,6.11727860612862
6037,13.44810880357086
6039,9.030988798854327
6041,12.089332615927812
6043,4.684302546657811
6045,9.180307398016655
6047,10.97836167132702
6049,6.581804281177781
6051,10.404214288786722
6053,11.832346134219334
6055,8.590918902382965
6057,7.732998963772283
6059,13.26528862750759
6061,10.272641684153474
6063,8.741171541846676
6065,10.65592253734952
6067,12.330403355939227
6069,10.76257798089262
6071,10.970372163757883
6073,11.801962890603368
6075,15.98032187645446
6077,10.814275783316432
6079,10.37902388197842
6081,10.248825944906292
6083,10.769777811889846
6085,13.666153019141275
6087,12.042187033809263
6089,9.154228439086266
6091,5.1080204777802045
6093,7.988634971471658
6095,11.924558182938968
6097,10.961913652946409
6099,12.2503932563168
6101,11.10783127537016
6103,7.870483749330709
6105,6.632003835559633
6107,7.449546520987775
6109,6.206800539001075
6111,11.974767483707287
6113,13.270962320274448
6115,9.337342534828103
8001,11.93773405884466
8003,7.634760399467952
8005,12.241275059394441
8007,6.606393967637589
8009,5.542426794012068
8011,6.997618637709245
8013,12.739541995013875
8014,10.12916414558734
8015,7.631783552739355
8017,6.127676965870524
8019,6.393627607086043
8021,4.7798861869061655
8023,5.435629690076756
8025,4.677027827006572
8027,4.453951149555173
8029,6.481623058214558
8031,14.431759917415372
8033,6.345283360318305
8035,8.564044238342813
8037,8.859647024684769
8039,4.773156611739926
8041,10.34008594993353
8043,5.581922046030403
8045,8.135664013178278
8047,4.937654737822417
8049,8.506294526414775
8051,10.059563403231662
8053,6.666666667
8055,4.587574054458302
8057,6.61265432279784
8059,10.930926890245782
8061,6.785829307650104
8063,6.925431128461558
8065,7.086266754867897
8067,6.608579396457469
8069,9.984848932709747
8071,6.627512518184568
8073,5.802271088599495
8075,7.443289225207248
8077,7.322465410910919
8079,7.166666667
8081,6.279823889936983
8083,6.217273276956386
8085,6.248582436728797
8087,6.5915230444941075
8089,8.282410186152905
8091,6.114923055160314
8093,5.351569687193192
8095,7.50135093478277
8097,9.45261228086208
8099,9.435847438253402
8101,7.094024956691969
8103,7.554627481435112
8105,6.4143687779929515
8107,7.1163530861821185
8109,6.277133581337662
8111,7.0
8113,7.1418800197633034
8115,6.562411347768936
8117,7.706184889603306
8119,6.1651529602775685
8121,5.69032369157376
8123,7.35484018530448
8125,6.020773330565697
9001,10.259984313703171
9003,10.334377037409993
9005,7.274339683971857
9007,8.675915723973239
9009,10.72599831573445
9011,9.070090485936749
9013,7.127601601358957
9015,6.726705738421545
10001,8.545455758608968
10003,11.013740851547741
10005,7.374496674692798
11001,14.427022431089421
12001,10.239132857771985
12003,5.233003418956668
12005,9.457143718169567
12007,5.05209607484966
12009,9.72202130799702
12011,12.002618092074348
12013,4.979945536940529
12015,7.234833157974581
12017,6.887557919288859
12019,7.014461956098711
12021,7.008311304770473
12023,6.024166123983359
12027,5.884809106484079
12029,4.309677353887631
12031,10.402182071044809
12033,9.708781937310844
12035,6.560525734462063
12037,6.812571006914196
12039,5.07572563758411
12041,4.320900747546182
12043,4.370425802394972
12045,5.853036437614015
12047,4.782862615928447
12049,5.719253464520457
12051,6.3303760560530815
12053,8.546124892391115
12055,6.540404436049882
12057,9.850772811606383
12059,4.38397666818142
12061,7.204456542891631
12063,5.196598035917169
12065,5.243507030647997
12067,5.17806495880032
12069,7.04029079014069
12071,9.210605615739286
12073,9.691104770821896
12075,5.201125263834864
12077,4.041183502572385
12079,5.173604344935856
12081,10.287292509606395
12083,7.2835042717715055
12085,7.000306720597978
12086,13.801089983195514
12087,11.456375150215605
12089,6.31492673766301
12091,7.67857445316154
12093,5.752156659679016
12095,10.478968392611561
12097,9.374579788152886
12099,10.725419012566183
12101,8.686951577352776
12103,12.557147679419963
12105,7.59589170154625
12107,5.753055456248935
12109,7.673037427571572
12111,7.360080957819177
12113,6.453567782518916
12115,10.875102714873965
12117,9.382567617002916
12119,7.307458463943974
12121,5.1269048053374915
12123,5.099533894276586
12125,4.704223811754511
12127,10.011655490941212
12129,5.5765808157870564
12131,6.432506301481597
12133,4.611610898392534
13001,5.12131064654839
13003,4.549505948817907
13005,5.457576296835857
13007,3.860823664635936
13009,5.7711728420998325
13011,5.1890869801001624
13013,5.893796523825536
13015,6.257625619245107
13017,5.45965955450752
13019,3.958484450142917
13021,7.054498664381165
13023,5.722374429200469
13025,4.011152416110877
13027,4.997578201837473
13029,6.322762528401728
13031,6.3139503270476185
13033,3.898344419830377
13035,5.768715789226232
13037,4.825010371256067
13039,6.484039660707231
13043,4.7618607803286235
13045,6.001923485741221
13047,6.018788619312252
13049,5.310072145666872
13051,10.39982604598774
13053,6.10416086192347
13055,4.96974520138252
13057,7.024228018729416
13059,7.437997249886551
13061,4.73286682194102
13063,8.717614754817617
13065,5.272232933078155
13067,8.69154015502189
13069,5.04582062807316
13071,5.494521919414068
13073,6.821226110921552
13075,5.3590064404640945
13077,6.198536109989197
13079,4.115602722115603
13081,5.914813679735709
13083,5.256814773572318
13085,6.378106533726206
13087,5.7824445021705735
13089,10.88913198609983
13091,4.691596156538984
13093,4.222821527143977
13095,7.960244849609924
13097,6.444189462351389
13099,4.332834042057885
13101,3.4423301618567854
13103,5.261545320676958
13105,5.011806856762128
13107,5.754255744480999
13109,5.537988253756129
13111,5.82588431971671
13113,6.826286189804568
13115,5.861353245746096
13117,6.618943666299522
13119,5.518469989177046
13121,11.15067198213351
13123,5.172125303704832
13125,4.073446327527417
13127,7.368175467282147
13129,5.554105769736028
13131,5.339030196248094
13133,5.424903785671124
13135,8.50334867198608
13137,6.327003695439928
13139,6.229444464249489
13141,3.532161687348448
13143,5.564787954111099
13145,4.395033244088121
13147,4.963813350860949
13149,3.54975593043059
13151,6.63993231117435
13153,6.861564545074972
13155,4.779671989307294
13157,5.605738473631542
13159,4.177863222942397
13161,4.788306317114269
13163,5.430404091612985
13165,3.6757864128068425
13167,4.231123672359712
13169,4.586690252614789
13171,5.117115900576568
13173,4.511753167438935
13175,5.705709505428002
13177,5.307215710483747
13179,5.610659388980485
13181,4.202055819181561
13183,2.9154641256120843
13185,6.795430346840673
13187,5.427957393002504
13189,5.299919372454228
13191,4.90481586401813
13193,4.507084569776484
13195,5.151920415236748
13197,4.045497406665253
13199,4.848671434637901
13201,5.213502398915352
13205,5.261048205281205
13207,5.12067135634328
13209,5.472203777392762
13211,5.411196417091966
13213,4.25662124703294
13215,7.229128319827701
13217,5.86688670418716
13219,6.688706089905476
13221,4.112599206534294
13223,6.14529859675949
13225,6.025006798589149
13227,5.7357128956680725
13229,5.212064287227301
13231,5.073314161395808
13233,5.604030016928137
13235,5.952412572335635
13237,5.321722550465517
13239,4.827548330549648
13241,6.470195053769581
13243,5.170852735248907
13245,6.875025025389243
13247,5.931167683411005
13249,4.400946715054117
13251,4.966666666546176
13253,4.496839318837975
13255,6.322955134108901
13257,6.292789635059316
13259,4.0216815623401185
13261,6.396558162011037
13263,3.236908121741925
13265,2.860760760875075
13267,4.4064476262695145
13269,4.667846535713414
13271,5.728534491905553
13273,5.591281935167514
13275,5.7077241224345405
13277,7.016687237680721
13279,5.698024499853557
13281,6.08357420204467
13283,4.37452658520968
13285,6.179412579451988
13287,5.210751067490329
13289,4.066312570199542
13291,5.621478229002942
13293,5.226560115833117
13295,5.20838660933375
13297,5.946456308482836
13299,6.619984643745162
13301,4.382840753341003
13303,5.111887656271052
13305,5.287118845566903
13307,3.6952417400049757
13309,3.8806734687270437
13311,6.149895142041897
13313,5.909424581244412
13315,4.317111311898259
13317,4.77625455274312
13319,4.486267166214585
13321,4.6471565970244475
15001,5.459090111822148
15003,12.240813266966251
15005,4.833333333
15007,6.472145555724309
15009,6.912570108066825
16001,10.747655355671442
16003,5.654516048845982
16005,7.3788945709238
16007,5.575673711767528
16009,5.853731015029936
16011,5.785683446537859
16013,10.054810403675457
16015,5.306156638427195
16017,5.990466936517384
16019,7.717038710892026
16021,5.5247351863138805
16023,5.553548552190238
16025,5.833333333
16027,9.207735318690675
16029,4.65623494268965
16031,6.549149551723481
16033,6.166666667
16035,5.016473765330324
16037,6.245713595908476
16039,7.046299448723262
16041,5.828388181850064
16043,5.9254274326928655
16045,6.865001172567968
16047,6.676632166302722
16049,4.755595682700129
16051,4.787020153354821
16053,6.415617486785156
16055,7.956977311911565
16057,6.394683860413772
16059,5.546678635583226
16061,6.671261377735501
16063,4.775104930266491
16065,7.596042716593411
16067,6.264095722885229
16069,7.3801809656074715
16071,6.288179997134073
16073,5.640680924787429
16075,7.249497272533787
16077,6.729979688806042
16079,5.333918782133482
16081,6.964094464420306
16083,7.77885281946535
16085,6.160657629072205
16087,6.516641728807282
17001,7.15217707663289
17003,5.7577311698337414
17005,5.722873783179392
17007,6.296913280793531
17009,6.386916355045993
17011,5.866535853610257
17013,4.674488815653767
17015,6.248706679466557
17017,7.466074483628582
17019,11.517219866716875
17021,6.256698063053805
17023,5.517775953675928
17025,5.764607387440246
17027,6.591062506755263
17029,6.964051466319758
17031,13.581552497967815
17033,6.177764389576436
17035,4.8921460346053385
17037,6.994481766074194
17039,6.192442754588331
17041,6.106692367099624
17043,10.582796615204515
17045,5.973573179677233
17047,4.711771937912248
17049,6.623358888881138
17051,5.223861474335573
17053,6.566340747298403
17055,6.079229176732333
17057,5.89320872626944
17059,4.460765302897615
17061,5.193259191895143
17063,6.659087159522342
17065,5.365973320319669
17067,5.710182935852584
17069,4.311341149099526
17071,4.917901413728791
17073,6.024839613968219
17075,5.876880021699422
17077,6.545470330644327
17079,5.038549697287769
17081,5.558101251356311
17083,4.987690123457157
17085,6.234015755271091
17087,3.8797677617218698
17089,10.130686203109246
17091,6.907387231699138
17093,7.040412915049468
17095,6.69769995474274
17097,10.036311081334233
17099,6.872979713341727
17101,5.991558053751621
17103,6.258430600158166
17105,6.415083691347181
17107,6.694833430497826
17109,5.572777327890559
17111,8.298514025133397
17113,10.500495518693532
17115,6.923911546799215
17117,6.511519645246987
17119,7.098921594425129
17121,6.2420614081718835
17123,5.844384150101322
17125,5.5515798132991
17127,5.828805728399099
17129,5.383695857443681
17131,4.583051891475881
17133,6.57807343245244
17135,6.599101428169292
17137,6.536309765379684
17139,5.923371647637489
17141,5.865778262783802
17143,10.543822699953319
17145,5.564931724705574
17147,6.3061930560465695
17149,5.60371969029218
17151,3.157997960284773
17153,5.911780431318482
17155,5.871823877593804
17157,5.966258014131383
17159,6.738261654747938
17161,7.472164286068532
17163,10.231606841676923
17165,6.902734788677892
17167,10.206053124234856
17169,5.18473952469295
17171,5.481870418159898
17173,5.493159887456944
17175,4.717242424355819
17177,6.459078936656989
17179,8.479086354270873
17181,5.371596504802301
17183,6.582430990483248
17185,6.457012010067744
17187,6.296823931967355
17189,5.1772283055877075
17191,4.971694870771092
17193,6.29229946491672
17195,6.397312457248954
17197,8.79378691444172
17199,6.30209215579178
17201,7.035302531532588
17203,6.078487947757658
18001,5.348941611147549
18003,9.535142174013986
18005,6.583592818449147
18007,6.235702473519903
18009,6.900362766934043
18011,6.31959753935556
18013,4.494966963734003
18015,5.0659947983338
18017,6.256923292433962
18019,8.625718080643715
18021,6.006281407003997
18023,6.145594047435807
18025,5.393378067523768
18027,6.658079565899536
18029,5.509279273819903
18031,5.958044591771806
18033,5.8149743974213655
18035,7.347777701056584
18037,6.472896726271677
18039,6.766834967296728
18041,5.900748097507889
18043,8.172588281866032
18045,5.9508370738384695
18047,5.133460292531696
18049,5.998730127254997
18051,6.65033535721455
18053,7.122607453184706
18055,5.594111575650534
18057,8.131026537480652
18059,6.6256919046473115
18061,4.605199100240204
18063,6.716841680236796
18065,6.1683373553169565
18067,6.719033342518128
18069,6.722620815068118
18071,6.094102295887409
18073,5.727899189981315
18075,5.098516966153051
18077,5.985327418975152
18079,4.676572775124355
18081,7.200235544188323
18083,7.193433844025769
18085,6.107265521154341
18087,5.022824542644189
18089,8.011823652464816
18091,6.882975130897533
18093,5.849770198065521
18095,6.858990000512312
18097,10.750218187768102
18099,5.624129913690997
18101,5.648841005469442
18103,5.4964160701807465
18105,10.59451776531432
18107,6.0101020657007265
18109,5.838355300065656
18111,5.315974699313953
18113,5.525377055610462
18115,3.7353490744068285
18117,5.158728534519364
18119,4.321526646983763
18121,4.842002039767593
18123,6.000243804462306
18125,5.518249939447022
18127,7.033078236987206
18129,5.501680409683693
18131,5.464586624702449
18133,5.326557327902127
18135,5.200450630121112
18137,5.813591322143641
18139,5.02447517589763
18141,7.437612662765915
18143,5.230917182524576
18145,5.961988633333003
18147,5.8560281268467795
18149,4.907596297782965
18151,5.58761675482114
18153,5.6123348724293
18155,3.9816365573999812
18157,10.685424965219918
18159,5.168736583823762
18161,5.587282725231371
18163,7.4861188477789185
18165,5.839535132904177
18167,9.913406628174357
18169,6.3656223322938255
18171,4.807222828379411
18173,6.408433987973486
18175,4.796187156341143
18177,6.872457328250191
18179,5.747373003530326
18181,5.54255275227683
18183,5.313298067549496
19001,6.113840539033409
19003,5.054303095303274
19005,5.703362151719308
19007,6.353290700698082
19009,4.989089941368103
19011,5.885350815713065
19013,7.78348332333291
19015,7.188340467856623
19017,6.790580529035388
19019,5.963455621329894
19021,7.009805857228628
19023,5.986687026355548
19025,6.573670756520041
19027,7.578073797253342
19029,6.635622773548632
19031,6.138736785155164
19033,10.311135150436138
19035,6.486745727142832
19037,5.649130782049508
19039,6.20679810383872
19041,6.71915037096463
19043,5.809576354257413
19045,9.222718736900145
19047,6.615281344532045
19049,8.377072370795517
19051,5.273213280732808
19053,5.42277888280271
19055,5.9540406383346856
19057,11.623514309812474
19059,7.14348811728981
19061,7.31924443726142
19063,6.8282378808694375
19065,5.979853479921471
19067,5.887428006924707
19069,6.017244184028013
19071,5.4619690013264925
19073,6.271705728436077
19075,6.07179320959752
19077,5.945537442861626
19079,6.146249724015222
19081,5.427642052372245
19083,6.283188338181409
19085,5.639044050043626
19087,6.792967312474606
19089,6.419976971459953
19091,6.4177468813960905
19093,6.111046847857432
19095,5.931850435083421
19097,6.484815673875947
19099,6.894495495665013
19101,7.227084140080268
19103,9.307920807606186
19105,6.3461688059487065
19107,5.382679738506568
19109,6.613377556604643
19111,6.908779903832691
19113,10.64504106632796
19115,5.655810983387597
19117,5.0150052345872975
19119,5.872928880990568
19121,6.445185651529264
19123,9.433222263124911
19125,6.49280774139308
19127,9.491453734217401
19129,5.522174678174367
19131,6.19425892838209
19133,5.5849818099702135
19135,5.814934927323922
19137,7.2607418343541115
19139,9.863845557188428
19141,7.087688399872834
19143,5.473071681725429
19145,6.663466336875024
19147,7.020283452884374
19149,5.952147982671113
19151,6.172852034044941
19153,11.22072402581081
19155,6.982914986640782
19157,5.904416375672399
19159,6.169676297485955
19161,6.017987434168119
19163,7.940857749887079
19165,5.971053531751753
19167,7.013831059878794
19169,7.559680292660315
19171,6.032514394412699
19173,5.086975219144977
19175,6.496332878522605
19177,4.6747657945758
19179,6.8315210726612206
19181,6.621276581352079
19183,6.755942434829427
19185,5.571443422214252
19187,10.466963209021547
19189,6.661526818835399
19191,6.010930836943238
19193,11.929082273846433
19195,5.125050073460542
19197,6.634359054468369
20001,7.035418315453207
20003,6.673267958130922
20005,6.234828576886756
20007,6.404746813338264
20009,7.755490027704976
20011,6.364292840164059
20013,6.735909906433775
20015,6.3630117749890776
20017,5.875425331073724
20019,5.145134145064746
20021,5.713836013538537
20023,6.617046445056033
20025,6.147832440460789
20027,5.703000900925572
20029,6.89352465076479
20031,5.769145772943105
20033,6.843164794188763
20035,6.6438846898735635
20037,7.279584739580265
20039,5.714277450123915
20041,6.436715077322406
20043,4.950081868368278
20045,8.665842545529488
20047,6.138803418614701
20049,5.604800936697112
20051,8.334528014410624
20053,6.9426611574853005
20055,7.847723931400276
20057,7.393477168108514
20059,6.388569416674764
20061,6.156550604013097
20063,5.59660175654181
20065,6.202815978905697
20067,6.777201505703387
20069,5.848489868158357
20071,6.627083333212499
20073,6.092511370500487
20075,5.912461773534403
20077,6.861302074013221
20079,7.018564607193807
20081,6.201383740829503
20083,7.0
20085,5.100152675742379
20087,5.46921325716169
20089,5.050640146447188
20091,10.281256369311057
20093,6.8479993217385555
20095,5.12684069621071
20097,5.667524412628266
20099,6.863545605003388
20101,5.621904181720463
20103,6.231999033934734
20105,5.346787213318696
20107,5.681473793609341
20109,6.942408066469039
20111,7.3804218347311625
20113,6.631330771791896
20115,5.7474235371869185
20117,6.867575016184629
20119,6.3585230384238445
20121,6.149359535795756
20123,7.560243223550466
20125,6.561652006889597
20127,5.147742244637442
20129,6.708949964866807
20131,5.98645750841637
20133,6.867328165454883
20135,6.382628313728258
20137,7.875531657021327
20139,5.194643831607795
20141,7.166759182346101
20143,5.297272111240088
20145,6.529214488401401
20147,6.336230276118528
20149,5.812960996711191
20151,7.1043623457975364
20153,5.676564368177759
20155,7.13085635223483
20157,5.778453549579599
20159,6.739209860775354
20161,7.810328569671417
20163,7.569753811077374
20165,5.798140984328821
20167,6.65603650045091
20169,11.713210372701003
20171,6.748871825815923
20173,10.164417924452131
20175,7.8872216345323025
20177,10.15026493317383
20179,5.280593242893854
20181,7.567158341197285
20183,6.529302029036036
20185,6.466816959452302
20187,8.924785912603975
20189,7.169011607462012
20191,5.89887107897893
20193,7.264059304743226
20195,6.673023093340098
20197,4.5474496708989545
20199,6.637142856809524
20201,6.294781297756199
20203,7.124436148817079
20205,6.180334092672209
20207,6.228601471801262
20209,10.489974342419751
21001,4.920464979332467
21003,4.533455163436568
21005,5.45011404246007
21007,4.621940667424104
21009,5.270966880254785
21011,3.83706934033836
21013,5.215953116599051
21015,7.794066385290445
21017,5.78486563395135
21019,7.1161201333686765
21021,7.261764673087454
21023,4.481559515051168
21025,3.6063713531327384
21027,4.33678618853501
21029,5.716344096906966
21031,3.9238786452373478
21033,5.4670254839765065
21035,6.104415961689472
21037,10.741785615178644
21039,5.035495421060112
21041,5.4431892445495285
21043,5.090472700449799
21045,3.738720773106736
21047,6.3938114940486415
21049,6.198799434976137
21051,3.9294246964608406
21053,5.078983449142592
21055,4.12328892793141
21057,4.249739311642336
21059,6.876023561499755
21061,3.749505032129599
21063,3.497272848142876
21065,4.739211439441557
21067,11.081933001611016
21069,4.291824941790386
21071,4.666431963133402
21073,6.734442102783899
21075,7.461889425544122
21077,5.109406718153625
21079,4.1813731149405005
21081,4.995243828937147
21083,4.950975134510082
21085,4.797087885547292
21087,3.8033203301221987
21089,6.295600913375255
21091,4.382058340029591
21093,6.258587353730765
21095,4.2555342620374805
21097,4.766686308090261
21099,3.946001324230633
21101,6.16999732712983
21103,4.999536275805426
21105,4.700707822584063
21107,5.228765183256176
21109,3.8707844163352276
21111,11.305715019571899
21113,7.943827655248598
21115,4.669431919142188
21117,9.915950160539255
21119,3.5775908378753947
21121,5.310918316471764
21123,4.5118442122199065
21125,5.606466711143536
21127,4.946788738937591
21129,5.019157655733817
21131,3.287433154852273
21133,4.12993179277571
21135,3.819767728970793
21137,4.356618148358328
21139,3.8805822446208573
21141,4.983146485867481
21143,5.80877921677437
21145,6.81988695551374
21147,4.273074378528494
21149,5.015968277873862
21151,6.3542995170064325
21153,3.8899678929025736
21155,4.960161883016535
21157,5.185522685016846
21159,5.525281763098079
21161,5.71652189126421
21163,5.049559886077879
21165,4.140072859826386
21167,4.60991045417731
21169,4.049863387856457
21171,4.711742210331201
21173,5.422925897972261
21175,4.641274620512759
21177,4.732987999106464
21179,5.304327869105997
21181,4.145422535263239
21183,4.31600265882024
21185,6.075483627517148
21187,3.6770940011439346
21189,3.2995369334037643
21191,4.5514577593854
21193,5.635075726511907
21195,4.213440140210059
21197,4.7431620809583634
21199,5.71201444653443
21201,4.5
21203,4.719181474361086
21205,6.280501244537001
21207,5.429513888855687
21209,7.239347621624475
21211,5.625190584156158
21213,5.945191828663234
21215,4.896954583701633
21217,5.837483660441843
21219,4.555816464174899
21221,4.996514221916201
21223,4.6763343754803754
21225,5.802763140029118
21227,6.652128632963908
21229,4.190711928133372
21231,4.730457566963414
21233,4.618624097271987
21235,5.067435137200892
21237,4.395795837355254
21239,5.7043402179201825
22001,6.200493862692431
22003,4.797150020022759
22005,6.441540954262206
22007,4.021198379858897
22009,5.030567649916369
22011,4.4897105350238515
22013,4.67636084284043
22015,5.838706054332369
22017,6.645352933823317
22019,6.768774581820873
22021,4.508153261309924
22023,3.529581634595661
22025,5.11376730979814
22027,4.989341505096639
22029,5.869253949829879
22031,5.217708945714396
22033,7.089252125293913
22035,6.277785466950312
22037,4.414841786757167
22039,5.392833075645588
22041,4.63257389357519
22043,4.465343654966708
22045,6.3818285619914015
22047,5.340580369924627
22049,4.906651597066433
22051,9.25807565646569
22053,5.6525301638531795
22055,7.748903540782924
22057,5.782171245087676
22059,5.969429393147635
22061,6.127132781515796
22063,5.371668440588744
22065,7.141925267317643
22067,5.234232328147469
22069,5.623647221003157
22071,13.708377817902058
22073,6.536214426771732
22075,6.364145238749925
22077,4.758153563613684
22079,6.403288583361113
22081,5.081089967009399
22083,5.254981928293543
22085,4.15161767964941
22087,7.502804890536854
22089,6.258525529277445
22091,3.857058239664105
22093,5.42114217037332
22095,7.060089919817337
22097,6.09720108488605
22099,5.379347125098155
22101,7.006133941717014
22103,7.052523605796202
22105,5.924889913835913
22107,4.947885412293828
22109,6.425555348365211
22111,4.586577678827764
22113,5.8560336523620355
22115,4.479666189602271
22117,5.141313472600168
22119,5.667381595186294
22121,5.796423047179815
22123,3.852593917807961
22125,3.9681667424562006
22127,4.664056391067062
23001,7.143645371763365
23003,5.704219093983491
23005,9.592266896671276
23007,5.596994125976348
23009,6.255211675613318
23011,6.624727467251314
23013,6.985330922645632
23015,6.423239498601051
23017,5.823564471625975
23019,6.340203275595488
23021,5.328043267829632
23023,6.504507185799785
23025,5.837274041972018
23027,5.628033723945532
23029,5.817089459645295
23031,6.777390178389888
24001,10.133507925901121
24003,9.303617898842628
24005,10.694322106353455
24009,6.034748907526372
24011,5.950164765617947
24013,6.608823517737456
24015,7.120762084994284
24017,6.312921632316349
24019,5.615004701241313
24021,8.979822005318946
24023,5.808755446785981
24025,8.792574444803286
24027,10.308941722702063
24029,6.371314585050529
24031,12.604931132222813
24033,10.99747628012511
24035,6.341201499506332
24037,6.171524807699742
24039,5.344711245995182
24041,7.0978339734587355
24043,6.681948143496012
24045,6.9971029244937455
24047,7.476821684504421
24510,14.195358711504092
25001,8.710427098546521
25003,9.215429180443971
25005,10.683114005768346
25007,11.845145267427135
25009,11.774029777980193
25011,7.651406216844731
25013,10.901753155573784
25015,9.313126580877283
25017,12.002436697163647
25019,13.902561330811638
25021,11.29514208631858
25023,8.922765807213157
25025,15.040752360295695
25027,9.25787627090547
26001,4.400714010004824
26003,6.193840185316729
26005,5.450150397669076
26007,6.174961554789494
26009,5.550006471932908
26011,4.705484119045302
26013,6.200932565538498
26015,5.0569375759781705
26017,7.324155898770494
26019,6.134210726379672
26021,6.464904687861589
26023,5.426008779906043
26025,6.125669589254349
26027,4.754352895501147
26029,6.123517296881308
26031,5.504235734664546
26033,6.12347800045615
26035,5.309440597568755
26037,6.191409058178019
26039,5.838561241350029
26041,6.78649719114982
26043,7.113329421724287
26045,6.723207060290962
26047,6.417466227055752
26049,8.28558778198851
26051,4.44973440353205
26053,6.610646165268003
26055,7.642914495721623
26057,5.460126135358804
26059,4.844203214790246
26061,6.941446644847992
26063,5.79816969427537
26065,10.83941776834623
26067,4.942626527107096
26069,5.985965329163386
26071,6.0709507670583305
26073,6.63511597774224
26075,5.7286827803553955
26077,6.659362778325366
26079,5.005669129018726
26081,9.73961734615115
26083,5.581064162671362
26085,4.506857661086287
26087,4.83353174160451
26089,5.764306730218494
26091,6.026868344217976
26093,5.948269153765134
26095,6.703985962871936
26097,6.407629965058335
26099,7.674900963541026
26101,6.099744995516609
26103,7.039334319484053
26105,6.171773299983867
26107,6.282475036788647
26109,6.244383231836403
26111,5.871437879366775
26113,5.2609289614967345
26115,5.690081429984262
26117,5.186956498782373
26119,4.597163733287118
26121,6.464518453023098
26123,5.081235373203087
26125,7.731699874916639
26127,5.235795131829958
26129,5.143953873575784
26131,5.617906612995643
26133,4.695147497778409
26135,4.855825379530023
26137,5.75078903143739
26139,6.640050134633262
26141,5.641035659764711
26143,5.844983317270595
26145,6.465215602026082
26147,5.9481113353281465
26149,5.248003459091384
26151,4.795142916903108
26153,5.913413475487917
26155,5.678602192843444
26157,4.605154929571455
26159,5.309834112697949
26161,9.618919320285045
26163,10.1809456059831
26165,6.124077597676935
27001,5.135646920121384
27003,8.824677417926987
27005,5.837863579250467
27007,6.016794240766073
27009,6.928408624280399
27011,6.365829346292664
27013,7.224714272796176
27015,7.668378882372774
27017,5.887521102889111
27019,7.297050934582268
27021,5.523235246832231
27023,7.01937274466736
27025,6.158182128392092
27027,10.431105130292925
27029,4.527576032587494
27031,6.3807192619802295
27033,6.081765154174287
27035,6.463307493651805
27037,9.80464537370797
27039,8.768665176735983
27041,6.705897373814021
27043,6.359599884779073
27045,7.150293629819944
27047,6.529089955757354
27049,7.069195317675379
27051,6.374957898395083
27053,12.202175190625432
27055,7.751397595501098
27057,5.302407886879734
27059,6.047399120766383
27061,5.677362859419153
27063,5.6921303207938685
27065,4.619636757415021
27067,7.0645209180357735
27069,6.300976097147106
27071,7.010321100899082
27073,6.208819331701904
27075,6.541158103710474
27077,4.956856567724074
27079,6.0944978500122575
27081,6.573623036107062
27083,7.353851412931383
27085,6.459506861905123
27087,4.8670541227163095
27089,5.285633162903748
27091,6.862176918015628
27093,5.799904675423848
27095,6.500570066227184
27097,5.866202312571763
27099,7.3620103360805516
27101,5.652500099790255
27103,6.656439629534263
27105,6.320809866120152
27107,6.125044468107029
27109,7.590723984468899
27111,5.890082540256225
27113,6.512044087179286
27115,5.848032316114594
27117,6.9296860822477955
27119,7.59723760987525
27121,5.691712204140255
27123,12.95986343928098
27125,5.657726214090319
27127,6.477844454619399
27129,6.116228517142993
27131,7.406069591478933
27133,6.184337263924891
27135,5.4649355408908935
27137,9.133652372383212
27139,8.207388239293767
27141,5.807637302367228
27143,5.387026108968683
27145,7.252612884964794
27147,6.639291816821355
27149,6.305856500679579
27151,7.057344242575391
27153,4.929159847245172
27155,6.5334631906583756
27157,7.888596898968325
27159,5.704834139500293
27161,7.169440161684779
27163,8.45329369937547
27165,6.785610133931377
27167,5.4777444954478955
27169,7.246448495928235
27171,6.669421321535033
27173,5.6898054317137206
28001,5.66874821695223
28003,5.268634570485234
28005,3.189725697859079
28007,4.933265163536139
28009,3.807302395134012
28011,6.1377740961065905
28013,4.909523482740237
28015,3.348241024102577
28017,4.110943920433648
28019,4.725593878973441
28021,3.3948830408782893
28023,3.732148836450339
28025,5.536836967994144
28027,6.166932751043946
28029,4.782801202275165
28031,4.929198750018386
28033,6.36218858583367
28035,7.081643868278348
28037,3.8598899917920586
28039,4.315914522715056
28041,4.558273783328132
28043,6.058534636921985
28045,5.923373988106595
28047,6.561564162481325
28049,9.130810178165994
28051,4.384315352660083
28053,5.7688253899663895
28055,4.792168674769578
28057,4.389608177317717
28059,5.917238206573908
28061,3.3953959706309518
28063,3.315273618385244
28065,3.5527330727827753
28067,5.54762809099144
28069,4.187741169555259
28071,5.807375745854374
28073,6.144803968017575
28075,6.024893412699637
28077,3.8536421220272365
28079,3.725688674973459
28081,6.030196863588872
28083,6.8563056415574755
28085,4.635653848936542
28087,6.425125202563235
28089,6.473936694524271
28091,4.527934290805492
28093,4.38571734612281
28095,4.864941406281696
28097,5.320732823350166
28099,4.581773102734579
28101,3.9214520225206746
28103,5.073266839000831
28105,5.995856995430246
28107,5.077349141860789
28109,5.3186428282809475
28111,4.009297749679996
28113,5.942203320013111
28115,3.921938368236979
28117,5.114465037121885
28119,5.177518539045171
28121,6.246892356548975
28123,4.510065106512898
28125,6.91372940298426
28127,4.386972260142836
28129,3.6915893668521447
28131,4.5317278912808705
28133,5.904693702987073
28135,4.692291623228118
28137,4.355110611968905
28139,4.401561315582856
28141,4.829260362084301
28143,6.200016387694297
28145,4.024556825063831
28147,4.208627262995959
28149,5.754784917645332
28151,7.316583839469163
28153,4.310408709468906
28155,5.097035680274115
28157,4.911438635195774
28159,4.404183462302211
28161,4.436290690496337
28163,5.193495150147744
29001,7.499289239763199
29003,5.777289356018675
29005,6.248608475556167
29007,6.196276148088596
29009,5.647639440517567
29011,5.626455696037384
29013,6.360510565836753
29015,5.769524461787614
29017,4.066240534011563
29019,7.335932734701567
29021,8.350889502503312
29023,6.592122403382748
29025,5.837624783562383
29027,5.682177371343466
29029,6.350973478718334
29031,6.953777471222295
29033,6.316257679978967
29035,5.83080522818283
29037,7.112907990571749
29039,5.372542688876166
29041,6.234406749283593
29043,6.6003797094588785
29045,5.251053921722941
29047,8.82417504299106
29049,6.23492063468171
29051,6.614444878884532
29053,6.346148753507434
29055,5.560612300965857
29057,5.456697408812516
29059,4.598692849981938
29061,5.253633662709106
29063,5.73519579749793
29065,6.05540505704057
29067,4.297305717450426
29069,7.10025305632148
29071,6.533182202874744
29073,5.897915819037773
29075,6.495023755934433
29077,7.8318656121879044
29079,6.274379918222831
29081,5.7495518664777885
29083,6.109135461990765
29085,4.2324935951323654
29087,6.640783961778501
29089,5.998417877580046
29091,5.901430518882848
29093,5.32371261785745
29095,10.8157975230452
29097,7.482189682273109
29099,7.007574196948276
29101,6.11510427347628
29103,5.480258162672488
29105,5.240084114751965
29107,6.441150899684863
29109,6.568103742178245
29111,6.130663874550913
29113,5.8263112742777565
29115,6.421576673290661
29117,7.179733792958411
29119,4.778376483970824
29121,5.846903544077553
29123,5.769807456024089
29125,4.0263207264943714
29127,7.770408993628696
29129,5.034752547414302
29131,5.833373254941754
29133,6.963655319619654
29135,5.977586999327861
29137,5.688352207287959
29139,5.533087916923863
29141,5.268278955811789
29143,6.276364793376397
29145,5.843350171334491
29147,7.216503304286024
29149,4.89206156344836
29151,4.880424407077979
29153,4.839540926795258
29155,7.140831424781046
29157,6.373071833655594
29159,6.937323483876424
29161,6.346100605221528
29163,5.8561396863842825
29165,8.355628862082572
29167,5.603495092143143
29169,5.938560463511989
29171,5.481446867499273
29173,5.110257414215718
29175,6.417004075506073
29177,5.251610076631238
29179,5.162787015086145
29181,4.315307091165267
29183,7.986417853764622
29185,5.091015666615262
29186,5.0345345345494374
29187,7.117205792353622
29189,10.749955942199064
29195,6.838051539838369
29197,5.293758329806753
29199,4.684837348570845
29201,6.601013882805107
29203,4.7989934515063055
29205,6.273057251105593
29207,6.337811737647398
29209,5.626394307582992
29211,5.678354703860693
29213,6.584012548877869
29215,4.861211743476764
29217,6.172893206643226
29219,5.6965760292855965
29221,5.162709077019493
29223,4.453987576404268
29225,5.626446440120267
29227,5.47998365997353
29229,5.7352630334298365
29510,14.143512821961583
30001,6.863000816169595
30003,5.4773474883997455
30005,4.283484465544225
30007,5.79905153663387
30009,5.517336746863835
30011,5.348760748942338
30013,7.772033698160607
30015,5.3665860540848165
30017,8.593232024579148
30019,5.789028332715916
30021,7.356254306570667
30023,6.843003662923956
30025,6.868686868589148
30027,7.510644904479908
30029,7.168077051165953
30031,10.878460917161398
30033,6.666666667
30035,4.666058349767866
30037,5.833333333
30039,5.445039257545121
30041,7.1934627007262
30043,6.088781343574376
30045,5.329318298479242
30047,5.7295011306757235
30049,7.699203900303904
30051,5.213888888700877
30053,6.770930192739797
30055,6.364008179625767
30057,5.45734972027452
30059,5.141429539444614
30061,5.866540013980765
30063,11.709178644319435
30065,5.8334373484564175
30067,8.00744798660895
30069,5.0
30071,7.83450533563579
30073,6.534386719569325
30075,4.629606753192711
30077,6.0800417820448915
30079,6.166666667
30081,5.597306413373228
30083,6.8480046949262325
30085,6.601799073828464
30087,7.366486486192432
30089,5.754578595666782
30091,5.893816452191943
30093,13.336631815231659
30095,5.93025150476897
30097,6.972807737987681
30099,6.264555921092928
30101,6.452538853007234
30103,5.166666667
30105,7.272636749889671
30107,6.43407786573988
30109,6.5
30111,7.607940048281093
31001,7.575515308892854
31003,5.543706842494507
31005,5.0
31007,5.5
31009,6.666666667
31011,6.1638434029894595
31013,7.529473652421048
31015,6.592148220882958
31017,6.902108434068274
31019,7.95972533829743
31021,6.732179330031251
31023,5.135428287950911
31025,6.135988120312816
31027,5.987875943510501
31029,6.855561506972684
31031,6.335434656965631
31033,7.60991000164596
31035,6.221250534858793
31037,7.905034076368773
31039,7.423052682364141
31041,6.089612188336472
31043,11.543141213337304
31045,7.8035446644888715
31047,6.719563938735213
31049,6.545054558209081
31051,5.204983176732162
31053,8.082908522507756
31055,11.407629899746041
31057,7.532377658063272
31059,7.415410836758163
31061,6.227045908352628
31063,5.905136067423534
31065,7.276570553027998
31067,7.154526510724149
31069,6.269713261502687
31071,6.682447257050633
31073,5.755252274427791
31075,6.666666667
31077,5.990041493775934
31079,8.253354091018144
31081,6.464643712851165
31083,5.740546829541594
31085,5.0
31087,5.630085590347169
31089,7.151960306246852
31091,6.833333333
31093,5.756544366364246
31095,7.137080319481636
31097,6.5265537812978645
31099,6.624084249047772
31101,7.146911141972713
31103,6.0
31105,7.074220525585764
31107,7.024901497149172
31109,12.882983331815236
31111,7.9151497189955125
31113,6.0
31115,6.166666667
31117,4.833333333
31119,8.022006408202053
31121,6.25567089565116
31123,5.974626454478827
31125,6.656912399208779
31127,6.408147725334951
31129,6.4841715398907604
31131,7.112323854989557
31133,5.683918784211883
31135,5.789129686875128
31137,7.497642544291885
31139,6.572004098634624
31141,7.9998840598244865
31143,6.036251189302378
31145,7.688907397125115
31147,6.334436259117867
31149,6.03444444458
31151,6.07920399399482
31153,7.880780034846505
31155,6.049300799055984
31157,7.6188020044755485
31159,5.731087366980382
31161,6.270761686410776
31163,6.310157790927022
31165,4.676935228734597
31167,4.680740988029873
31169,7.033182946449981
31171,6.833333333
31173,6.24516806710224
31175,5.829940025244792
31177,5.6094597489726
31179,5.9330984664376
31181,6.596378231939233
31183,4.833333333
31185,7.70449549431524
32001,5.962043593029238
32003,11.738378641104116
32005,7.139576538214393
32007,5.982750261541051
32009,4.101427115134557
32011,4.320765027322404
32013,5.513980911924574
32015,6.088786402170205
32017,5.548028604397178
32019,5.29810930298954
32021,4.912357613650629
32023,5.540800061126736
32027,5.177406343528816
32029,3.616256449304999
32031,10.049105854690835
32033,7.069905172385129
32510,9.916668196555804
33001,6.9500274843991425
33003,6.60023341697684
33005,6.845785855141891
33007,6.478010487489044
33009,8.072630301305107
33011,7.301636474355793
33013,6.687689023890493
33015,6.892827842193056
33017,7.138882173892722
33019,6.335586473543722
34001,11.3654298506337
34003,13.364877811638154
34005,9.45043876445351
34007,12.39338683834852
34009,10.80395567668038
34011,8.799036288587315
34013,13.276020145646205
34015,10.13223563871344
34017,14.535632259818323
34019,6.856582514341133
34021,11.89981840134225
34023,11.564697144508452
34025,10.849562417356097
34027,9.662882488524362
34029,9.245789121428052
34031,13.436245596465769
34033,9.409793271786725
34035,8.904592298087666
34037,6.494951908470885
34039,13.112780391549595
34041,8.2647540290254
35001,12.030448443629398
35003,4.914759348073185
35005,7.918440041527322
35006,5.7435811896160205
35007,6.773698696908363
35009,7.574739204445009
35011,6.772572815345145
35013,7.077383771991065
35015,7.54778859164347
35017,6.40682798171904
35019,6.204853187250799
35021,6.333333333
35023,8.319225195014184
35025,7.471092509787924
35027,7.378494678764809
35028,6.3587110479805515
35029,7.203140455354188
35031,5.362851011213345
35033,4.838921761838702
35035,5.67559256728463
35037,7.980453042657351
35039,4.9242628539621185
35041,6.701077574832244
35043,8.076809051242725
35045,7.718909942020846
35047,6.132357137765963
35049,9.43226316194703
35051,7.197635084923664
35053,6.201980392260353
35055,6.2859807022218135
35057,5.0827401945656945
35059,7.843952095881437
35061,6.889732213118279
36001,10.95969599200823
36003,5.566060606081531
36005,13.114481794343737
36007,6.740674821630889
36009,6.091902015762879
36011,7.745496652318604
36013,6.865251126056665
36015,6.91715263171255
36017,5.0964259121522915
36019,5.533356437450541
36021,6.074295375898193
36023,6.442179415332606
36025,5.315183948061997
36027,6.946088272203413
36029,10.963209677687331
36031,5.658450548663426
36033,5.5728320049752424
36035,6.559657381608563
36037,5.722042492540009
36039,5.458372710134091
36041,5.195227686568087
36043,5.595523024808191
36045,6.027819038620657
36047,13.705654503651365
36049,4.541799219067667
36051,8.094650560282457
36053,5.997907295160442
36055,10.487342480719295
36057,6.0643487233782425
36059,13.990842427338139
36061,13.750215418614346
36063,8.77308884089756
36065,9.096358612515157
36067,10.92402561600527
36069,6.183789766630024
36071,8.088650466468177
36073,5.425411860045076
36075,7.808289394120139
36077,5.634242967504814
36079,7.320243262282033
36081,14.31983678143971
36083,9.429342474154437
36085,14.467144131359516
36087,9.14474264143975
36089,5.718039759733456
36091,7.41908812237338
36093,11.27089480423993
36095,4.740126684423479
36097,4.717819030600323
36099,5.9245685504946834
36101,6.443147935995966
36103,8.55698743849525
36105,6.099588712685006
36107,5.795181296200102
36109,6.52273978090209
36111,6.3417455368283795
36113,7.511463502712345
36115,5.744975307837307
36117,6.061821270162609
36119,12.872526058435138
36121,5.519589958800197
36123,5.385094699404095
37001,6.504221261815402
37003,5.239351814465314
37005,5.3016495032947235
37007,5.042697384076899
37009,4.933671818665683
37011,6.376759423193189
37013,5.769528466409585
37015,4.066016765051924
37017,4.200697692755906
37019,6.252391087207473
37021,9.099515078479259
37023,5.4993646333359525
37025,8.409437340547068
37027,5.656230001997848
37029,3.925193835481191
37031,6.343412652484953
37033,4.118401770336806
37035,6.45577610617395
37037,5.993576058040764
37039,5.640017348582116
37041,6.116520004721225
37043,5.38857548008758
37045,5.703786233632489
37047,4.913417298701064
37049,6.293861521191663
37051,6.554522250916325
37053,5.799161368711738
37055,7.806398813648359
37057,5.822483967432675
37059,5.422963650971494
37061,4.775255945798297
37063,10.14445528496852
37065,7.157422685498593
37067,6.922038199818432
37069,5.333751913179532
37071,6.544257450921236
37073,3.649110669027588
37075,4.406314518465934
37077,5.0065054183335596
37079,4.358601485234815
37081,7.625052363660101
37083,5.870353905412548
37085,5.61667855667412
37087,6.317776159737263
37089,6.702511184391032
37091,5.188672214633835
37093,4.767360393747929
37095,4.948513505089004
37097,6.162844032226292
37099,6.070388426085858
37101,5.783021746566286
37103,4.611827402494378
37105,6.019814275832815
37107,6.0377065604769955
37109,5.476842131128375
37111,5.406855247028974
37113,6.1092463430907005
37115,4.891076851230273
37117,5.29729475737603
37119,10.50015065091015
37121,5.9152925531888965
37123,5.098105201545321
37125,6.075411224572609
37127,7.727102680944661
37129,10.631516159672909
37131,3.93533472048385
37133,5.740208616975216
37135,9.767370001927647
37137,5.318081933918773
37139,7.532899347105879
37141,5.905320230384887
37143,4.827364588826733
37145,5.1936310052892
37147,6.971639642457874
37149,5.599040310162284
37151,5.347288480912912
37153,5.758908878998163
37155,5.011780398980688
37157,5.303292429124773
37159,6.311022766642978
37161,5.699543076912538
37163,5.085705070815343
37165,5.816875579194771
37167,5.911059658962562
37169,4.691961659970025
37171,5.680293762774657
37173,5.720955521159183
37175,6.065735684544057
37177,4.444525370218742
37179,6.321479615768494
37181,5.934861292321861
37183,9.793824773059894
37185,4.2535815903979435
37187,4.598346495422508
37189,7.57429273634601
37191,5.607781863700884
37193,4.603841659386328
37195,6.648200058932982
37197,5.038519403458728
37199,5.853115978933548
38001,6.923578619103785
38003,6.44261412574114
38005,4.241698131505954
38007,7.0
38009,6.022436383170588
38011,6.30412102239687
38013,6.666666667000001
38015,7.901541902540235
38017,12.838264389666628
38019,6.111881101688024
38021,6.832126089854929
38023,4.964612353847192
38025,5.518805561830636
38027,6.791540567770861
38029,5.674920445757159
38031,7.452583586754104
38033,5.667375132837408
38035,12.863584280974091
38037,5.7470588236
38039,6.131877022509708
38041,6.337927018774845
38043,4.878658536576016
38045,6.233252032853659
38047,6.530790520537105
38049,5.233507676733592
38051,7.149836724647324
38053,6.897521803734605
38055,6.374930612971378
38057,6.698949825376196
38059,7.561201326981699
38061,7.024658523650906
38063,6.024828767262329
38065,4.581836327508983
38067,6.1513207904271665
38069,7.343626286744655
38071,7.609183467214415
38073,6.531057638548592
38075,5.412491649748296
38077,6.786089963728758
38079,5.041098860982332
38081,4.834835608265516
38083,5.666666667
38085,4.444595513387718
38087,4.666666667
38089,7.666887981954528
38091,5.610994764397906
38093,7.20536618564024
38095,5.435366577605967
38097,6.41613667526749
38099,6.079892612446214
38101,8.031568985153127
38103,6.121907110576079
38105,7.67436853504031
39001,5.278750269202776
39003,6.715554504956871
39005,6.080573579987807
39007,5.8751443574621245
39009,8.805311211126744
39011,6.363460306363708
39013,6.926451688216191
39015,5.102894602288331
39017,8.245619808793677
39019,5.140274856744217
39021,5.089414367881021
39023,6.488987756187547
39025,6.426034367340933
39027,5.144425084413261
39029,6.1504844411408515
39031,5.4543391478775085
39033,6.641560172041884
39035,11.641741300793088
39037,5.853970953798218
39039,5.908444142463231
39041,7.341952272578606
39043,8.97492103223013
39045,6.533941534454424
39047,5.476278582680154
39049,11.013687666893311
39051,6.032277508380215
39053,4.735331456682431
39055,5.80466363704223
39057,7.152132045964869
39059,5.58758975399646
39061,10.907883712947768
39063,6.983742898769111
39065,5.806987508869508
39067,5.490396550582152
39069,5.85927661459218
39071,5.152537184099333
39073,5.713130958928338
39075,5.140784483628035
39077,5.884316677252185
39079,5.348645103292891
39081,6.340711558920282
39083,5.804448800792159
39085,11.052911225677152
39087,6.141054402532926
39089,6.291662071681635
39091,5.715886433999713
39093,6.8371550385032265
39095,11.179064740317324
39097,5.397847139999523
39099,6.759138882136763
39101,5.978988124346076
39103,6.770073020237717
39105,5.004843120453713
39107,6.110625071472578
39109,6.738365139914055
39111,5.169576532009368
39113,11.079703239503889
39115,4.247970797514148
39117,4.374637846863935
39119,6.127517155232631
39121,6.021382907452953
39123,6.010783856192832
39125,5.40374629074433
39127,5.279857347882952
39129,5.576059445012208
39131,4.980246213562806
39133,6.25806464833111
39135,5.233601087215304
39137,5.961347110670905
39139,6.345438660159111
39141,5.133063382234156
39143,6.555366307512572
39145,5.716522426078204
39147,6.465386810882776
39149,5.796425326515359
39151,7.537985139550173
39153,7.548899060617164
39155,6.230656841528995
39157,7.135648358318732
39159,5.541940680958062
39161,6.227255047572292
39163,4.2158619988186254
39165,7.182640078117009
39167,6.077596105659128
39169,6.242017187629604
39171,6.00762129087703
39173,6.975575155083387
39175,5.494504003369747
40001,4.370468351963505
40003,6.4776336008868025
40005,4.632057566023137
40007,5.280763311988735
40009,8.013055714968305
40011,5.531710608146875
40013,6.048613387586901
40015,6.031433894365483
40017,7.024803111253383
40019,7.425453456175515
40021,5.78249552442435
40023,5.7490819111420794
40025,7.0067001674148015
40027,8.666081265017342
40029,5.0275898894957285
40031,7.152363585020838
40033,5.177629729417946
40035,6.1286943119826125
40037,5.616050683782406
40039,7.883249455271217
40041,5.717823898342634
40043,5.9295784195382275
40045,6.440856254100196
40047,7.757686123503248
40049,5.69594699808953
40051,5.824396007264173
40053,6.129017655347669
40055,5.100005609027427
40057,7.06388582622896
40059,6.105060219887444
40061,4.4975598236007555
40063,6.1783184745471775
40065,7.292290418911125
40067,6.116663988458782
40069,4.548093469765873
40071,7.2417855023053255
40073,6.642687924195288
40075,5.490575121322409
40077,4.603890741657741
40079,5.48277865712122
40081,5.176761156094451
40083,5.159275186031057
40085,4.8334675661260444
40087,6.467015236959
40089,5.405458148737548
40091,4.6807777047543775
40093,5.569944718340503
40095,5.297895293880741
40097,5.550028469136115
40099,6.950822822726847
40101,6.688150174734309
40103,6.25644845627605
40105,4.696635526022826
40107,5.100825423142716
40109,10.128457521758502
40111,6.086326896386356
40113,6.1698829732034834
40115,6.653440410444688
40117,5.199821443056306
40119,7.506277194566481
40121,6.1614956513472805
40123,6.620739698147609
40125,6.557354166700125
40127,4.986434631496447
40129,5.9069129807726535
40131,5.66218864929588
40133,5.731981173484344
40135,5.804302973210232
40137,6.495301214977878
40139,6.895909284022063
40141,6.596784210207851
40143,10.678325381101814
40145,5.410760008534823
40147,6.962023166417434
40149,4.906403079136371
40151,7.705397903652459
40153,7.133829350549101
41001,9.072749832663664
41003,11.675764832761985
41005,11.077111693746728
41007,10.131874211066387
41009,8.463609368321155
41011,9.329176407016002
41013,8.11267553108318
41015,7.668858577110854
41017,9.5240173824313
41019,8.802005729488677
41021,6.042737283872051
41023,7.283331013783795
41025,7.411732152652324
41027,9.91894715556807
41029,10.809099550253034
41031,7.211885523372942
41033,8.646166984865479
41035,9.79134620211057
41037,6.082663946431341
41039,11.546329630188161
41041,10.076422101921805
41043,9.22164754068356
41045,9.424232963868489
41047,11.950587040651783
41049,7.005632338424432
41051,15.160066754508684
41053,9.907033293545606
41055,6.120976116454829
41057,7.937605460711804
41059,9.743289812587728
41061,10.636301930988166
41063,7.4904197957585215
41065,9.647175184912859
41067,12.543352966782118
41069,5.813230481690042
41071,11.295357348901666
42001,7.219344330618067
42003,11.989238669828412
42005,6.602237264554115
42007,8.826939131642586
42009,5.706825615621999
42011,7.701168709235132
42013,8.01782109478156
42015,6.2731415024335115
42017,9.59530948153937
42019,6.905864412780147
42021,7.617653908192657
42023,6.6439393930744775
42025,6.684985896012967
42027,10.631924786469268
42029,8.716576171766654
42031,6.983675449495943
42033,6.681358249253727
42035,7.070242787923913
42037,7.031453236607339
42039,6.010847531065213
42041,9.594717896725243
42043,11.085023283430056
42045,13.022018170232867
42047,6.227658346380031
42049,10.867067431855899
42051,6.753407312578121
42053,5.731691833343083
42055,6.465590467798922
42057,4.89073486856873
42059,6.041379495884719
42061,6.036359833849497
42063,6.5861135403359805
42065,6.564188065310203
42067,5.530188909868171
42069,8.211311522538368
42071,7.249001418539081
42073,7.067586383055137
42075,7.936051458680676
42077,12.045423541381123
42079,7.633378318336075
42081,7.342379206990162
42083,6.643651628743625
42085,6.649276391815866
42087,6.749974835907834
42089,7.0744085621787915
42091,11.100769591939176
42093,6.63738566380868
42095,11.325268906111011
42097,7.471833197829299
42099,5.624814911378386
42101,14.87382129009047
42103,5.786502817002271
42105,5.785361437637539
42107,7.130067453706245
42109,6.492112720240028
42111,6.26115313976013
42113,6.029167341088878
42115,5.856341718998113
42117,6.082447969901688
42119,6.525439257719621
42121,6.22418983264184
42123,5.996224137335057
42125,7.093767515877879
42127,6.417358739555223
42129,7.688597072325694
42131,5.57401164735356
42133,8.83121928601996
44001,11.338456031971738
44003,11.491820302940035
44005,11.364564148518845
44007,13.222903037935477
44009,9.013736843923885
45001,4.846737234843817
45003,5.74922919931798
45005,5.585684827510745
45007,6.133574836156412
45009,5.293424657607808
45011,5.003893034126292
45013,6.7061867898257566
45015,6.3712473791849
45017,4.612394934243594
45019,10.451799389329803
45021,5.161182721576061
45023,4.893599579310276
45025,5.09014861812337
45027,4.697357203792868
45029,4.9564877909969125
45031,5.551598689496231
45033,4.825434874197693
45035,7.100927915184282
45037,5.0340194504476825
45039,4.969582892992163
45041,6.30553330303579
45043,6.317333549816054
45045,8.635443878631637
45047,6.337304072171368
45049,5.396341360799415
45051,6.8535770116965145
45053,5.693548387018996
45055,4.9849158134265785
45057,5.944540608559277
45059,5.145715284872568
45061,4.400867128655515
45063,7.12555824110005
45065,4.628756332906413
45067,5.5193217583510235
45069,5.278291744869337
45071,5.488989002098586
45073,5.908606706906031
45075,5.408012451002397
45077,6.954723575604362
45079,9.442848931425466
45081,4.4212194360762105
45083,6.179195552470984
45085,6.1564574669849055
45087,4.73548208151834
45089,4.662520181965591
45091,6.927729942457785
46003,5.902138455962305
46005,7.376646348582508
46007,5.858403646587431
46009,6.477184675053667
46011,7.105002093501971
46013,7.566387744575978
46015,7.021213850453196
46017,5.385939275888456
46019,7.062051684977007
46021,5.801161440519165
46023,6.417255279598352
46025,5.8023414102828745
46027,6.94828246565307
46029,7.820883792738185
46031,3.9770873319887237
46033,5.773299895069054
46035,8.007654556836089
46037,6.190943213520523
46039,6.138334107381328
46041,5.994866470655996
46043,6.155631400294198
46045,6.0546531303568525
46047,6.506273988803661
46049,5.546726959184324
46051,5.793773959463766
46053,6.215504244851464
46055,6.406500160125841
46057,5.9690833334845
46059,5.933454508819448
46061,5.161564125318812
46063,6.5
46065,7.652419065148493
46067,6.672977899313191
46069,6.64763335837716
46071,4.623060541790082
46073,5.689091507875801
46075,7.166666667
46077,6.265653311863701
46079,6.600763480060761
46081,7.10978573847218
46083,7.484606232678643
46085,5.742999913873611
46087,5.753099860851751
46089,6.409263959340102
46091,5.932345931452707
46093,5.545124708457811
46095,3.9171938361260343
46097,5.82622999856752
46099,10.95896542068251
46101,5.668844143458654
46102,3.8194744796581794
46103,7.464011443253042
46105,6.52706111658342
46107,8.172828890799655
46109,5.7963863230978125
46111,5.826005025317001
46115,5.537062509624943
46117,7.798131464798131
46119,6.471575256857251
46121,3.338737762092549
46123,5.750274323342721
46125,5.460450951953897
46127,7.134084470040587
46129,7.2317301875617055
46135,7.076227788514945
46137,4.100213219503199
47001,5.520321126150406
47003,5.309916312849069
47005,4.914732290800708
47007,3.512795050993289
47009,5.748802971040929
47011,6.028464537895502
47013,4.980829154786278
47015,4.53987788593267
47017,5.187801889054787
47019,4.64482216440643
47021,5.184448229009166
47023,4.993556851377317
47025,5.115922774174928
47027,4.485688264310174
47029,4.887918836369397
47031,5.791586437188352
47033,4.861772076248638
47035,5.292847721912116
47037,10.281813415091714
47039,5.12192929887623
47041,4.720813564041018
47043,5.389243671773679
47045,5.179640373363609
47047,4.345409654297239
47049,4.5493034714230856
47051,5.175539603200785
47053,5.652685985344728
47055,4.880949931812939
47057,4.123002940299396
47059,4.617821239288369
47061,4.659490410903758
47063,5.969655370671603
47065,7.771495602493011
47067,4.114781068113136
47069,3.660648618937681
47071,4.957859609600365
47073,4.887045967483884
47075,5.026604420976771
47077,4.573626715541871
47079,5.090244431233836
47081,4.474315854912108
47083,4.740031800344423
47085,5.020426174642865
47087,4.060984359382437
47089,5.742245259543467
47091,4.55331009790927
47093,8.494955993698373
47095,5.017472761020329
47097,4.05653369835544
47099,4.880188803857536
47101,5.492653618811056
47103,4.35981825905998
47105,5.936365691353033
47107,4.966447488855854
47109,4.6219292488765005
47111,4.765735655331673
47113,6.3308286070977555
47115,4.672402669743112
47117,5.385912175716167
47119,5.955552337692624
47121,4.6020871648708415
47123,5.142572732239406
47125,6.017722659901256
47127,3.4199093113215753
47129,3.3084907699232726
47131,5.3410441240207405
47133,4.3614948797617705
47135,4.214063026807761
47137,5.104690775808963
47139,4.5437671314054935
47141,5.963021105874215
47143,5.446232274973367
47145,5.155141123467909
47147,5.594218677972211
47149,6.528654176825562
47151,4.274634842546415
47153,5.262412310617787
47155,5.959260682481561
47157,10.351839282299933
47159,5.031246787875526
47161,4.492331403613713
47163,6.701901523312612
47165,5.850188236325408
47167,4.767104449472838
47169,5.314634910799436
47171,5.716910386077784
47173,4.327545396403463
47175,4.019430808524895
47177,5.304831825475725
47179,6.147291855095628
47181,4.294972671127335
47183,5.19045778052049
47185,4.365732380220579
47187,7.643580854411849
47189,5.911959878266404
48001,4.809247705603442
48003,8.387950387331575
48005,5.971745028000068
48007,7.3744834362847795
48009,5.238195472013654
48011,5.488691718794364
48013,5.123006608277074
48015,5.685399402566921
48017,6.929803534532289
48019,5.157844353503469
48021,5.456186347267411
48023,7.000232061576997
48025,6.21443720499584
48027,6.921036945286452
48029,10.760582474152706
48031,6.062771522370955
48033,5.166666667
48035,5.966808299012195
48037,6.438268448016877
48039,6.741495973964475
48041,7.341907968571163
48043,7.933991609873047
48045,4.833333333
48047,6.295519962878552
48049,6.553554122236692
48051,5.563249920772715
48053,5.943734061998448
48055,5.520200800202604
48057,6.976620656848489
48059,5.6251028806074075
48061,6.5352211026020015
48063,5.200044225822602
48065,6.046280946156333
48067,4.636282558407186
48069,5.77265528021202
48071,6.039337833835749
48073,4.921350082495945
48075,7.133084233446167
48077,4.288678155656783
48079,5.897727272806819
48081,5.89470737886626
48083,6.436479561411989
48085,9.333933040321755
48087,6.645193591829439
48089,6.324683664561221
48091,6.631055217135932
48093,6.1175497101113
48095,5.128750295180487
48097,6.22286101772351
48099,5.786704072773521
48101,8.189155882794825
48103,8.65716056902728
48105,8.217084135478393
48107,7.078541773017403
48109,5.860553324535921
48111,7.93639836215408
48113,11.598442766056147
48115,7.641532963206803
48117,6.986383759660934
48119,4.082262703739214
48121,9.071690785491224
48123,6.347826441602887
48125,5.352888086401625
48127,7.588124043049705
48129,6.2380179118187185
48131,5.6213855862946716
48133,6.684409779506404
48135,7.395458353893882
48137,7.626763989934307
48139,6.067565753204178
48141,11.158512743032032
48143,6.774524693631912
48145,6.0301269823014625
48147,5.181716654425808
48149,6.0883534137748745
48151,5.181689415992016
48153,5.81113760222156
48155,6.333333333
48157,7.870132270736673
48159,4.859599837652402
48161,6.003492482104064
48163,5.535741294503403
48165,6.766768367540082
48167,7.788860728097243
48169,5.353954622591921
48171,6.391038359627556
48173,4.9004662001328665
48175,4.3925109547015
48177,6.086716343758359
48179,7.318169128052193
48181,6.133087015183074
48183,7.610823197780395
48185,5.180033779841115
48187,5.92800449492147
48189,6.8965203879484065
48191,6.8907503797124265
48193,6.831378239599589
48195,7.953338141419145
48197,7.970057355130061
48199,5.4000691746656555
48201,10.762856734612742
48203,5.46695676107639
48205,6.442748974190566
48207,7.261404716988638
48209,6.627472446817262
48211,6.989986046278257
48213,5.28868588949263
48215,6.565882455930419
48217,6.226790775342016
48219,6.2930806204475
48221,6.0442230073362335
48223,5.547470566370612
48225,4.653191025958004
48227,6.935527859127608
48229,4.396046852202782
48231,5.790831090528996
48233,6.212059400964257
48235,5.388451443728346
48237,5.993968182243497
48239,5.88274853803691
48241,4.8830835962045125
48243,4.79983587002641
48245,7.1492444130906545
48247,5.38747949022378
48249,6.4831480222411875
48251,5.803117704114121
48253,4.474159167412196
48255,5.970754532973224
48257,6.427090516537314
48259,7.1068910483239245
48261,5.333333333
48263,6.166666667
48265,6.421979947321074
48267,6.503100423441016
48269,4.166666667
48271,5.289206349039727
48273,7.191768761739252
48275,6.452317171273775
48277,6.377109747303824
48279,6.495073643928065
48281,5.332122092938275
48283,7.306946506067081
48285,5.938669074086806
48287,4.950399166366683
48289,4.591004795944262
48291,4.902661389586939
48293,5.85198809274697
48295,5.0954645909383105
48297,6.027330968771838
48299,6.422391795745155
48301,4.666666667
48303,8.021116543995108
48305,5.833218549171487
48307,6.966967152521734
48309,6.771218335927195
48311,5.833333333
48313,4.562228671115232
48315,4.224817349285927
48317,6.165390096309584
48319,5.959825362499639
48321,6.807668580750537
48323,6.694655281635605
48325,5.6389947433173875
48327,5.751687862936411
48329,8.043058820674428
48331,5.733991512660436
48333,7.0259417918023255
48335,5.8798784755536335
48337,6.23896989378917
48339,6.78423107808188
48341,7.341620414902343
48343,4.776923696090872
48345,7.23904267599827
48347,5.842833826470866
48349,5.936033866446165
48351,2.898544023145835
48353,7.466412757679941
48355,11.317125121580762
48357,7.627528669098473
48359,6.228389154886603
48361,5.622937166137863
48363,6.5303410201776675
48365,4.886497440072995
48367,5.766496920816597
48369,6.769488429151644
48371,7.027051549967082
48373,5.478747273753517
48375,11.074833814249844
48377,8.025831813055033
48379,3.9035997559803888
48381,9.30636598095418
48383,9.291533403338486
48385,6.177584341748304
48387,4.710957230054012
48389,8.11825895386843
48391,7.913626312903261
48393,5.666666667
48395,5.017426485189875
48397,7.67365071210963
48399,6.627950210078371
48401,5.234801132007034
48403,4.250685280794511
48405,4.235819222574997
48407,3.3354122480960493
48409,7.121642852205858
48411,7.389270938771218
48413,5.7935315255468804
48415,7.215809114980509
48417,5.807711668120508
48419,4.796471465547413
48421,8.003815131733159
48423,6.811828841155648
48425,5.98276716576038
48427,5.289729865060413
48429,6.9754232461975025
48431,6.666666667
48433,6.054151624548737
48435,5.375808538072703
48437,6.311598076340994
48439,9.184549131087635
48441,7.5447079043229675
48443,4.666666667
48445,6.832012154224098
48447,5.136247606906828
48449,5.790248497858081
48451,7.3043490598395024
48453,10.728174250284647
48455,4.933294438076396
48457,4.053257970659239
48459,4.488590186904437
48461,7.864933039744909
48463,7.427863551654449
48465,7.153449459812124
48467,4.713461962910866
48469,7.188574172610036
48471,5.3340369122833415
48473,5.653606604520475
48475,8.492476551256345
48477,7.222765068948845
48479,7.747585335526725
48481,6.4933575605944265
48483,7.131004499707405
48485,7.296855006931747
48487,7.426726587647606
48489,5.912391591029282
48491,7.735457139022138
48493,4.538794832416594
48495,8.00027770662561
48497,5.538761428887297
48499,5.095846171391213
48501,6.572686967443472
48503,6.490403371413879
48505,6.4873338433707985
48507,6.52758772268428
49001,8.205934087866522
49003,8.748825493733477
49005,7.657120553042653
49007,6.9441360445813025
49009,7.166666667
49011,11.019068113770695
49013,5.933841106180425
49015,6.0506440280609874
49017,6.953757224688061
49019,7.681035080085587
49021,7.731483904173089
49023,7.253318718071063
49025,6.118458049525306
49027,6.123105316896489
49029,5.511690515962602
49031,5.55943627417647
49033,6.789503545765957
49035,13.040670916567677
49037,6.768034377627773
49039,6.54542668394337
49041,6.974129494613552
49043,7.276789020039742
49045,10.095699419573368
49047,6.506061356760042
49049,10.651911286568685
49051,7.939155172880222
49053,7.80467950262499
49055,6.569289779896065
49057,11.163117790297205
50001,8.196495122872356
50003,8.322364513786553
50005,7.204261845877995
50007,10.586403335720972
50009,6.148625429158183
50011,7.533343532066762
50013,6.187820052646805
50015,7.775922114633291
50017,6.35965488234468
50019,7.036825090118242
50021,9.127168638413798
50023,9.154832954564855
50025,8.297748165465354
50027,7.649884833635358
51001,5.330971433166606
51003,8.171670349071892
51005,6.818297788891796
51007,3.944245630263731
51009,5.877935303240042
51011,4.645331792791487
51013,14.171258209016242
51015,4.6800712172478685
51017,4.1051673115486
51019,5.433483510288122
51021,4.078692931995502
51023,5.331868440581452
51025,4.768566856741134
51027,4.694785738040474
51029,4.31593546615761
51031,6.5139145669850285
51033,4.7348043112188245
51035,4.800799201881397
51036,4.297545865863331
51037,4.421496486231418
51041,6.978678065531756
51043,5.827891866904699
51045,4.79082730312126
51047,6.013511727714648
51049,4.337897676769978
51051,4.674175579256618
51053,4.625300268443196
51057,5.066418992305546
51059,11.966769389603986
51061,6.380368467945222
51063,5.574875526575195
51065,5.508377089536565
51067,4.984854682051749
51069,5.4606903651333365
51071,5.360255342847092
51073,5.893678856852022
51075,5.117901728682546
51077,4.531117576403769
51079,5.7686415936644
51081,4.058009549112617
51083,4.850752848703816
51085,6.229652749183352
51087,9.327774570553292
51089,5.134133261029367
51091,4.924119241192412
51093,5.733178452563813
51095,6.938521255561245
51097,4.213391000354084
51099,5.3997296254128235
51101,5.6661918325415535
51103,6.040463408586172
51105,4.292029225635494
51107,7.920259055144762
51109,4.674307518231402
51111,5.227167834162079
51113,4.796471065904635
51115,5.346559041861983
51117,5.919057498885889
51119,5.8788940810957016
51121,9.361361401830955
51125,5.154469349288212
51127,5.742224644305027
51131,6.411125979064732
51133,5.572295399412502
51135,5.6658924730362585
51137,5.394960500357829
51139,5.197720605798434
51141,4.324514250548407
51143,4.107159456950143
51145,5.176220806749562
51147,5.801061450875414
51149,5.2506905226247955
51153,8.819024964248015
51155,6.177464898254017
51157,5.370021822228451
51159,5.111079822758504
51161,7.24275598533567
51163,4.661794541559066
51165,5.159193897689492
51167,4.535056674572279
51169,4.242188801531055
51171,5.55566267851553
51173,5.144348927404778
51175,4.221305535506271
51177,6.2806872026056215
51179,6.608868242595638
51181,3.1653787880543938
51183,4.886804225420338
51185,5.6588482255665635
51187,6.4102131866766205
51191,5.165646558583502
51193,5.7483747214518655
51195,5.829681827963332
51197,5.6062543192676575
51199,6.566405768453282
51510,14.386277328674241
51520,8.440232341681291
51530,11.516929729487577
51540,14.398091067388908
51550,9.328251759098327
51570,8.588595843688342
51580,11.97136629666625
51590,7.605475524961385
51595,7.830174069220591
51600,15.702863328438719
51610,15.997713323302055
51620,6.8169122722004625
51630,9.267138526273033
51640,8.326428642443055
51650,11.424969698862563
51660,14.858468655547565
51670,7.662382481962335
51678,14.340318797722503
51680,13.758312430372927
51683,13.082402651008708
51685,12.646035033645559
51690,7.075006996729715
51700,10.993846623902284
51710,13.118525847759683
51720,9.158228904925565
51730,7.68690105883891
51735,5.698922944990447
51740,11.979262624792815
51750,11.385214595631878
51760,13.615355970582979
51770,12.881596249885165
51775,10.323255874451155
51790,8.541721195474604
51800,6.237296246334118
51810,10.732454337851753
51820,8.073596035252075
51830,10.394013163806397
51840,9.585015654598761
53001,8.854753581295908
53003,6.400837175988002
53005,10.79945802961131
53007,10.032802249354448
53009,8.749432787023185
53011,10.478790633106044
53013,5.82362742647738
53015,8.389064362977214
53017,9.472420294610428
53019,5.074291622549762
53021,10.933993307999271
53023,5.47024880086241
53025,6.829044557119175
53027,9.796710066196464
53029,8.744532640945453
53031,9.609206205467883
53033,12.96403417026152
53035,9.321104232162503
53037,6.755326268790229
53039,5.204493051481305
53041,5.821279582046019
53043,7.263248682381313
53045,6.277992452655037
53047,5.812406935945747
53049,7.774987077418119
53051,4.356935723795521
53053,9.873243859416437
53055,6.710556668591331
53057,6.6465749849395035
53059,6.389285714547591
53061,10.671677981115565
53063,11.072133567644844
53065,4.828764644778893
53067,9.3623618414029
53069,4.538672714302697
53071,8.643325143293048
53073,7.298961004700288
53075,6.858415821328957
53077,7.997891640565688
54001,4.849671249239151
54003,6.234079328052293
54005,5.384895764991849
54007,4.879113569471222
54009,6.025791908290795
54011,8.075061023538419
54013,4.421376419648188
54015,3.439992411296073
54017,4.998594189319822
54019,5.669635437874518
54021,3.635059922899817
54023,5.376871975501159
54025,5.920460010909837
54027,5.635185264380644
54029,6.4356132073549865
54031,5.707701199322136
54033,7.287569578106481
54035,5.036488846022917
54037,6.210855776534096
54039,6.979977743073717
54041,5.480912591078766
54043,4.416026188207752
54045,5.201488121567764
54047,4.127968291916064
54049,6.754364538734127
54051,6.40277031648036
54053,4.619504559784922
54055,6.6292337620864
54057,6.422648287801745
54059,4.292483461977689
54061,7.413372984016893
54063,3.8173560060199745
54065,5.292026024996653
54067,5.380890328061681
54069,7.781453451522081
54071,4.211522108689909
54073,6.328582212086719
54075,5.389950377185559
54077,5.148102176233502
54079,6.799848196095407
54081,6.695602459095656
54083,5.9903492172374335
54085,4.813834071478857
54087,3.853842543838015
54089,5.19542172330888
54091,5.046349281333432
54093,5.838622456152981
54095,4.898473453551578
54097,6.463218858035969
54099,5.105921031135649
54101,4.89261955074055
54103,6.917894198086077
54105,4.145333793296015
54107,7.24894805736112
54109,5.366534629131638
55001,4.909389063204802
55003,7.255505345950102
55005,6.3982218096574295
55007,6.333577908460512
55009,7.08962248414768
55011,5.2463988251727045
55013,5.786024817660899
55015,6.643918860040537
55017,6.603171734731767
55019,5.06498313582149
55021,5.972799686345507
55023,6.717593729305378
55025,11.256869487730443
55027,6.423357941408061
55029,6.525432170679617
55031,10.702932276289019
55033,6.142081292175356
55035,7.646218277851531
55037,5.067904081077703
55039,6.926809363393491
55041,5.9441857026817475
55043,6.252685163723007
55045,6.289021810024197
55047,6.008174725757583
55049,5.347092859205377
55051,6.173724117958705
55053,4.9360105986147955
55055,6.648200869529237
55057,5.621440377499338
55059,7.828952058412149
55061,5.774001309859283
55063,11.174006505434951
55065,5.4876406731379745
55067,5.560217073557869
55069,5.874233936509408
55071,6.492360035418628
55073,6.6579602357398935
55075,6.157975018613908
55077,4.9775213167894385
55078,5.4986168741327806
55079,13.383921307314068
55081,6.35939445893541
55083,5.36829445802945
55085,6.480468713210383
55087,7.365068325174534
55089,7.522370984768599
55091,5.932433672859543
55093,6.129033162787516
55095,5.842860658087684
55097,6.806538808483151
55099,5.287002718009266
55101,10.007042890087366
55103,5.397960735279377
55105,10.151156896688754
55107,5.331876189892829
55109,6.831401587107056
55111,6.777863387387068
55113,6.0148442273708005
55115,6.119957407974591
55117,7.379958913640268
55119,4.925075325886619
55121,5.840551894459984
55123,5.260366146648348
55125,6.71828061551651
55127,6.66838489656191
55129,5.940605944691312
55131,6.700386516489984
55133,8.442617518858496
55135,5.867785034973641
55137,5.057603527445762
55139,9.231707723800818
55141,6.866774026213282
56001,7.494575962802845
56003,7.319006806694648
56005,6.450644196709252
56007,6.884527578862053
56009,6.837381820106451
56011,5.267836257433468
56013,6.632178028441586
56015,6.198715086579029
56017,7.637927350401496
56019,6.861166568809982
56021,7.78989750087738
56023,6.064401311528168
56025,8.424903857960476
56027,6.963235294022059
56029,7.529102709249235
56031,7.409527652898651
56033,7.529738104886579
56035,6.600944628569993
56037,7.693168166216379
56039,7.27676828985832
56041,6.652279748091562
56043,7.42965514375692
56045,6.215751173629577
60010,1.0
60020,1.0
60030,0.0
60040,1.0
60050,1.0
66010,1.0
69085,0.0
69100,1.0
69110,1.0
69120,1.0
72001,3.224703445135966
72003,3.546972716004451
72005,4.193700845563749
72007,2.910853155762474
72009,3.3382785522823464
72011,3.596365585095842
72013,4.0229323797075836
72015,4.744869600414168
72017,4.189760895526153
72019,3.0768677911860545
72021,5.602960655176633
72023,3.4343706424718903
72025,5.01168771516309
72027,3.5201001386552355
72029,4.392296347654247
72031,5.423734913490083
72033,6.260205721593379
72035,3.95037802223885
72037,4.343176129983801
72039,2.7642108166689336
72041,3.327409133401705
72043,3.481522984847396
72045,3.048620707376222
72047,3.3068539929533443
72049,2.6052765091887364
72051,4.1665322869014725
72053,4.5313792276725415
72054,3.1314861462225023
72055,3.907247413029613
72057,4.6922585079100365
72059,3.5813692480359323
72061,5.18549263315727
72063,4.011700146405723
72065,3.5622678880782868
72067,4.089699217025216
72069,3.7732577712936073
72071,3.6429121483070483
72073,2.791023748702536
72075,3.7454926178472956
72077,3.7797314796050654
72079,3.2703981699817284
72081,3.0716545058039393
72083,2.474977710293639
72085,3.4548559627067625
72087,4.915214954168575
72089,3.6310454522981077
72091,4.252317847367379
72093,3.020047296317801
72095,3.7588073422401345
72097,4.334826224839855
72099,3.16845664294546
72101,3.1013409962087803
72103,3.1013731312338004
72105,3.693046655117519
72107,2.8052194766467977
72109,3.066689742627091
72111,3.766695260003336
72113,5.145208880483825
72115,3.5982137905078218
72117,3.5809563855425046
72119,4.255872073772047
72121,4.07963910824178
72123,4.666189361886704
72125,3.3671296007894376
72127,6.083624970691578
72129,3.3377340058503417
72131,3.3708601131251186
72133,4.156802320217076
72135,4.318484208649451
72137,5.387242973834972
72139,4.638403658832738
72141,3.2516268734865656
72143,3.9254674300812478
72145,4.440457676752281
72147,3.604226047933531
72149,3.260890995737268
72151,3.385945903708923
72153,4.54164494087442
78010,4.280686152451315
78020,4.179696243190648
78030,4.66767375499173
